timestamp;precio;volume;lado;bid;ask
2025-12-19 00:00:00.023;25002,5;1;BID;25004,25;25008,5
2025-12-19 00:00:00.024;25005,75;1;BID;25004,25;25008,5
2025-12-19 00:00:00.736;25003,0;1;BID;25004,25;25008,5
2025-12-19 00:00:02.568;25008,25;1;ASK;24996,25;25004,25
2025-12-19 00:00:04.100;24997,25;1;BID;24995,75;25002,0
2025-12-19 00:00:04.100;24997,25;1;BID;24995,75;25002,0
2025-12-19 00:00:04.100;24997,25;1;BID;24995,75;25002,0
2025-12-19 00:00:04.100;24994,0;1;BID;24995,75;25002,0
2025-12-19 00:00:37.476;25008,25;1;ASK;25005,0;25008,25
2025-12-19 00:00:37.480;25008,5;1;ASK;25005,0;25008,25
2025-12-19 00:00:44.884;25008,5;3;ASK;25007,25;25008,5
2025-12-19 00:00:45.052;25008,5;1;ASK;25005,25;25011,25
2025-12-19 00:01:00.804;25010,25;1;BID;25008,0;25013,25
2025-12-19 00:01:45.140;25013,5;1;BID;25013,0;25016,25
2025-12-19 00:01:45.140;25013,5;2;BID;25013,0;25016,25
2025-12-19 00:01:45.140;25013,5;1;BID;25013,0;25016,25
2025-12-19 00:01:45.140;25013,5;1;BID;25013,0;25016,25
2025-12-19 00:01:50.044;25014,25;1;ASK;25011,5;25014,5
2025-12-19 00:02:03.472;25011,75;1;ASK;25009,5;25012,25
2025-12-19 00:02:17.472;25010,25;1;BID;25009,0;25012,0
2025-12-19 00:02:21.444;25009,25;1;BID;25008,25;25011,75
2025-12-19 00:02:29.848;25009,0;1;ASK;25005,75;25009,25
2025-12-19 00:02:30.984;25001,75;1;BID;25001,25;25007,25
2025-12-19 00:02:30.984;25001,75;1;BID;25001,25;25007,25
2025-12-19 00:02:30.984;25001,25;1;BID;25001,25;25007,25
2025-12-19 00:03:40.476;25009,75;1;BID;25009,0;25013,75
2025-12-19 00:03:53.724;25005,75;1;ASK;25003,75;25007,0
2025-12-19 00:04:16.032;25009,0;1;ASK;25004,5;25009,0
2025-12-19 00:05:41.084;25001,25;1;ASK;24996,25;25002,25
2025-12-19 00:06:06.284;24998,0;1;BID;24998,0;25001,25
2025-12-19 00:06:30.148;24993,5;1;ASK;24990,0;24993,75
2025-12-19 00:06:51.304;24992,0;1;ASK;24988,75;24992,0
2025-12-19 00:07:04.992;24988,75;1;ASK;24985,75;24989,5
2025-12-19 00:07:04.992;24988,5;1;ASK;24985,75;24989,5
2025-12-19 00:07:08.104;24987,5;1;ASK;24983,75;24988,5
2025-12-19 00:07:19.768;24983,0;1;ASK;24980,25;24984,5
2025-12-19 00:07:23.580;24981,25;1;ASK;24978,0;24982,25
2025-12-19 00:07:24.824;24977,5;1;BID;24978,0;24981,75
2025-12-19 00:07:37.132;24983,5;1;ASK;24981,75;24983,5
2025-12-19 00:07:37.148;24983,5;1;ASK;24981,75;24983,5
2025-12-19 00:07:37.148;24983,5;1;ASK;24981,75;24983,5
2025-12-19 00:07:37.148;24983,5;1;ASK;24981,75;24983,5
2025-12-19 00:07:39.408;24981,5;1;ASK;24979,5;24982,75
2025-12-19 00:09:16.916;24979,25;1;ASK;24975,5;24979,25
2025-12-19 00:09:16.916;24980,0;1;ASK;24975,5;24979,25
2025-12-19 00:09:37.892;24983,5;1;BID;24983,0;24986,75
2025-12-19 00:09:37.892;24983,5;1;BID;24983,0;24986,75
2025-12-19 00:09:37.892;24983,5;1;BID;24983,0;24986,75
2025-12-19 00:09:49.396;24985,0;1;ASK;24982,75;24986,5
2025-12-19 00:09:49.396;24985,0;1;ASK;24982,75;24986,5
2025-12-19 00:10:07.380;24986,0;1;BID;24985,75;24989,25
2025-12-19 00:10:09.136;24986,25;1;BID;24984,0;24989,25
2025-12-19 00:10:09.136;24984,5;1;BID;24984,0;24989,25
2025-12-19 00:11:45.504;24996,25;1;ASK;24992,0;24996,75
2025-12-19 00:11:49.588;24991,0;1;BID;24992,75;24995,5
2025-12-19 00:14:41.348;25000,75;1;ASK;24997,75;25002,75
2025-12-19 00:15:18.520;25001,0;1;ASK;24997,5;25002,5
2025-12-19 00:15:18.520;25001,75;1;ASK;24997,5;25002,5
2025-12-19 00:15:18.620;25001,25;1;ASK;24997,5;25002,5
2025-12-19 00:15:18.620;25002,5;1;ASK;24997,5;25002,5
2025-12-19 00:15:18.620;25002,5;1;ASK;24997,5;25002,5
2025-12-19 00:15:22.148;25006,0;1;ASK;25002,0;25006,25
2025-12-19 00:15:22.148;25006,75;1;ASK;25002,0;25006,25
2025-12-19 00:15:22.148;25008,0;1;ASK;25002,0;25006,25
2025-12-19 00:15:22.148;25008,25;1;ASK;25002,0;25006,25
2025-12-19 00:15:22.148;25008,5;1;ASK;25002,0;25006,25
2025-12-19 00:15:30.664;25004,5;1;BID;25005,0;25009,25
2025-12-19 00:15:30.664;25003,75;1;BID;25005,0;25009,25
2025-12-19 00:15:30.664;25003,5;1;BID;25005,0;25009,25
2025-12-19 00:16:21.348;25008,0;1;BID;25005,5;25011,25
2025-12-19 00:16:30.176;25013,25;1;ASK;25008,5;25014,25
2025-12-19 00:16:30.176;25013,5;1;ASK;25008,5;25014,25
2025-12-19 00:16:30.176;25013,75;1;ASK;25008,5;25014,25
2025-12-19 00:16:48.456;25008,0;1;BID;25009,0;25013,0
2025-12-19 00:19:02.216;25001,5;1;ASK;24997,5;25003,75
2025-12-19 00:19:31.592;25005,0;1;BID;25002,5;25008,0
2025-12-19 00:20:31.200;25003,0;1;ASK;24998,5;25004,75
2025-12-19 00:23:48.160;24985,75;1;BID;24983,25;24988,75
2025-12-19 00:23:48.160;24983,75;1;BID;24983,25;24988,75
2025-12-19 00:25:42.832;24988,75;1;BID;24989,75;24994,25
2025-12-19 00:26:40.648;24990,0;1;ASK;24983,75;24989,0
2025-12-19 00:30:09.520;24990,75;1;BID;24988,0;24994,0
2025-12-19 00:30:09.520;24990,5;1;BID;24988,0;24994,0
2025-12-19 00:30:09.520;24990,25;1;BID;24988,0;24994,0
2025-12-19 00:30:09.524;24993,0;1;ASK;24988,0;24994,0
2025-12-19 00:30:09.524;24990,0;1;BID;24988,0;24994,0
2025-12-19 00:30:09.524;24990,0;1;BID;24988,0;24994,0
2025-12-19 00:30:09.524;24990,0;1;BID;24988,0;24994,0
2025-12-19 00:30:09.524;24989,75;1;BID;24988,0;24994,0
2025-12-19 00:31:08.600;24996,5;1;ASK;24991,5;24995,5
2025-12-19 00:31:08.600;24997,0;1;ASK;24991,5;24995,5
2025-12-19 00:31:09.052;24995,5;1;BID;24994,25;24998,75
2025-12-19 00:31:09.052;24997,25;1;ASK;24994,25;24998,75
2025-12-19 00:31:09.052;24997,25;1;ASK;24994,25;24998,75
2025-12-19 00:31:59.728;25000,75;1;ASK;24996,0;24999,5
2025-12-19 00:34:10.064;24990,75;1;ASK;24988,75;24992,5
2025-12-19 00:34:54.096;24991,25;1;ASK;24990,0;24991,5
2025-12-19 00:34:54.096;24991,5;1;ASK;24990,0;24991,5
2025-12-19 00:34:56.412;24991,5;1;ASK;24988,5;24991,5
2025-12-19 00:34:56.412;24991,5;1;ASK;24988,5;24991,5
2025-12-19 00:34:56.416;24991,5;1;ASK;24988,5;24991,5
2025-12-19 00:35:00.764;24991,5;1;BID;24990,0;24994,0
2025-12-19 00:35:00.764;24991,5;1;BID;24990,0;24994,0
2025-12-19 00:35:00.776;24991,5;1;BID;24990,0;24994,0
2025-12-19 00:35:00.776;24991,5;1;BID;24990,0;24994,0
2025-12-19 00:35:00.776;24991,5;2;BID;24990,0;24994,0
2025-12-19 00:35:29.916;24994,0;1;BID;24993,0;24996,0
2025-12-19 00:36:17.972;24995,0;1;ASK;24992,5;24995,0
2025-12-19 00:36:22.704;24995,0;1;ASK;24992,5;24995,0
2025-12-19 00:36:23.036;24995,0;1;ASK;24992,5;24995,0
2025-12-19 00:36:24.628;24995,0;1;ASK;24993,0;24995,0
2025-12-19 00:36:24.628;24995,0;1;ASK;24993,0;24995,0
2025-12-19 00:36:26.312;24995,0;1;ASK;24992,5;24995,0
2025-12-19 00:36:26.312;24995,0;1;ASK;24992,5;24995,0
2025-12-19 00:36:26.312;24995,0;1;ASK;24992,5;24995,0
2025-12-19 00:36:26.952;24995,0;1;ASK;24992,5;24995,0
2025-12-19 00:36:32.112;24995,0;3;BID;24994,5;24997,5
2025-12-19 00:44:23.396;24995,75;1;BID;24994,5;24998,0
2025-12-19 00:45:35.924;25002,0;1;ASK;24998,75;25003,75
2025-12-19 00:45:48.624;25004,5;1;BID;25004,25;25006,75
2025-12-19 00:45:55.596;25003,75;1;BID;25002,5;25006,0
2025-12-19 00:46:07.092;25004,5;1;BID;25002,5;25007,5
2025-12-19 00:48:45.592;25005,0;1;ASK;25003,25;25005,75
2025-12-19 00:48:45.592;25004,75;1;ASK;25003,25;25005,75
2025-12-19 00:48:45.592;25006,0;1;ASK;25003,25;25005,75
2025-12-19 00:48:45.592;25006,0;1;ASK;25003,25;25005,75
2025-12-19 00:48:45.592;25006,0;1;ASK;25003,25;25005,75
2025-12-19 00:48:45.592;25006,0;2;ASK;25003,25;25005,75
2025-12-19 00:48:50.368;25006,0;9;ASK;25002,75;25006,0
2025-12-19 00:48:50.368;25006,0;9;ASK;25002,75;25006,0
2025-12-19 00:49:08.688;25006,0;5;BID;25006,0;25009,75
2025-12-19 00:49:08.688;25006,0;5;BID;25006,0;25009,75
2025-12-19 00:49:08.696;25006,0;3;BID;25006,0;25009,75
2025-12-19 00:49:08.696;25006,0;2;BID;25006,0;25009,75
2025-12-19 00:49:08.700;25006,0;1;BID;25006,0;25009,75
2025-12-19 00:49:08.700;25006,0;1;BID;25006,0;25009,75
2025-12-19 00:51:13.688;25014,0;1;ASK;25010,5;25014,25
2025-12-19 00:52:02.192;25018,5;1;ASK;25014,5;25018,25
2025-12-19 00:52:43.760;25010,5;1;BID;25010,0;25013,5
2025-12-19 00:53:27.484;25011,5;1;BID;25011,5;25014,25
2025-12-19 00:53:27.484;25011,25;1;BID;25011,5;25014,25
2025-12-19 00:53:27.584;25012,0;1;BID;25011,5;25014,25
2025-12-19 00:53:27.584;25010,25;1;BID;25011,5;25014,25
2025-12-19 00:53:27.584;25010,25;1;BID;25011,5;25014,25
2025-12-19 00:54:53.496;25010,0;1;ASK;25007,5;25011,75
2025-12-19 00:55:20.012;25005,75;1;BID;25006,5;25010,0
2025-12-19 00:56:49.428;25015,0;7;BID;25013,75;25018,0
2025-12-19 00:57:01.380;25016,25;1;ASK;25012,5;25016,0
2025-12-19 00:58:17.944;25015,5;1;BID;25014,5;25017,25
2025-12-19 00:58:17.944;25016,0;1;ASK;25014,5;25017,25
2025-12-19 00:58:30.284;25018,5;1;ASK;25016,5;25019,5
2025-12-19 00:58:31.768;25019,5;1;BID;25018,5;25021,75
2025-12-19 00:58:39.368;25022,0;5;BID;25020,5;25024,0
2025-12-19 00:59:39.036;25023,5;1;ASK;25022,5;25024,25
2025-12-19 00:59:39.044;25023,75;1;ASK;25022,5;25024,25
2025-12-19 01:00:00.052;25024,25;1;BID;25022,75;25026,0
2025-12-19 01:00:00.056;25025,0;1;ASK;25022,75;25026,0
2025-12-19 01:00:02.652;25026,0;1;ASK;25024,25;25027,0
2025-12-19 01:00:02.652;25026,25;1;ASK;25024,25;25027,0
2025-12-19 01:00:02.652;25026,25;1;ASK;25024,25;25027,0
2025-12-19 01:00:02.652;25028,25;1;ASK;25024,25;25027,0
2025-12-19 01:00:07.560;25028,5;1;ASK;25026,25;25030,75
2025-12-19 01:00:08.216;25028,25;1;BID;25026,5;25030,25
2025-12-19 01:00:22.332;25026,25;1;BID;25024,5;25028,25
2025-12-19 01:00:32.704;25024,25;1;ASK;25022,25;25026,0
2025-12-19 01:00:35.820;25025,75;1;ASK;25022,25;25024,75
2025-12-19 01:00:48.832;25018,25;1;BID;25016,5;25021,5
2025-12-19 01:00:56.992;25013,5;1;BID;25012,25;25016,0
2025-12-19 01:01:20.620;25007,0;1;ASK;25003,75;25008,0
2025-12-19 01:01:34.304;25002,5;1;BID;25002,25;25006,25
2025-12-19 01:01:41.932;25008,25;1;ASK;25004,25;25009,0
2025-12-19 01:02:01.332;25010,25;1;ASK;25008,25;25012,0
2025-12-19 01:02:01.332;25010,25;1;ASK;25008,25;25012,0
2025-12-19 01:02:09.532;25012,25;1;BID;25010,5;25015,25
2025-12-19 01:02:27.148;25020,25;1;BID;25019,5;25024,25
2025-12-19 01:02:28.360;25019,5;1;BID;25019,0;25024,0
2025-12-19 01:02:30.248;25019,0;1;BID;25017,0;25021,5
2025-12-19 01:02:52.272;25025,0;1;ASK;25022,5;25027,0
2025-12-19 01:02:57.248;25030,0;1;ASK;25026,75;25031,25
2025-12-19 01:02:57.248;25030,0;1;ASK;25026,75;25031,25
2025-12-19 01:02:59.900;25032,0;1;BID;25030,5;25035,25
2025-12-19 01:03:00.740;25032,5;1;BID;25030,75;25035,5
2025-12-19 01:03:29.184;25030,5;1;ASK;25028,25;25032,0
2025-12-19 01:04:02.604;25028,5;1;ASK;25025,25;25029,75
2025-12-19 01:04:12.432;25024,75;1;ASK;25021,25;25026,0
2025-12-19 01:04:38.644;25022,5;1;ASK;25020,5;25024,0
2025-12-19 01:05:21.652;25022,0;1;BID;25021,25;25025,25
2025-12-19 01:05:21.652;25022,25;1;BID;25021,25;25025,25
2025-12-19 01:05:21.656;25022,5;1;BID;25021,25;25025,25
2025-12-19 01:05:22.780;25023,75;1;ASK;25021,5;25024,0
2025-12-19 01:05:32.016;25021,0;1;ASK;25015,75;25019,25
2025-12-19 01:05:51.004;25014,5;1;ASK;25012,5;25016,0
2025-12-19 01:05:51.004;25013,0;1;BID;25012,5;25016,0
2025-12-19 01:06:01.224;25012,5;2;ASK;25011,0;25014,0
2025-12-19 01:06:01.224;25012,5;1;ASK;25011,0;25014,0
2025-12-19 01:06:21.096;25015,75;1;ASK;25012,75;25016,0
2025-12-19 01:06:21.096;25016,0;1;ASK;25012,75;25016,0
2025-12-19 01:06:21.096;25016,0;1;ASK;25012,75;25016,0
2025-12-19 01:06:26.176;25012,75;1;ASK;25010,75;25014,25
2025-12-19 01:07:01.032;25014,5;1;ASK;25012,5;25015,75
2025-12-19 01:07:18.504;25011,5;1;ASK;25009,5;25012,5
2025-12-19 01:07:46.804;25006,5;1;ASK;25004,5;25007,5
2025-12-19 01:08:08.620;25009,0;1;BID;25007,75;25010,5
2025-12-19 01:08:08.620;25009,25;1;ASK;25007,75;25010,5
2025-12-19 01:08:17.904;25015,25;1;ASK;25012,25;25015,25
2025-12-19 01:08:29.764;25018,25;1;BID;25018,25;25021,25
2025-12-19 01:08:42.908;25020,25;1;ASK;25017,0;25020,25
2025-12-19 01:08:48.512;25017,0;1;BID;25016,0;25019,0
2025-12-19 01:09:30.352;25018,75;1;ASK;25017,0;25019,75
2025-12-19 01:09:52.184;25015,25;1;ASK;25012,75;25015,75
2025-12-19 01:10:10.160;25011,5;1;BID;25010,25;25013,25
2025-12-19 01:10:27.568;25009,0;1;BID;25007,75;25010,5
2025-12-19 01:10:27.568;25009,0;1;BID;25007,75;25010,5
2025-12-19 01:10:34.676;25010,5;1;ASK;25007,75;25010,75
2025-12-19 01:10:56.844;25009,25;1;BID;25009,5;25012,25
2025-12-19 01:10:56.844;25009,25;1;BID;25009,5;25012,25
2025-12-19 01:11:15.560;25008,0;1;ASK;25006,75;25009,25
2025-12-19 01:11:15.560;25008,0;1;ASK;25006,75;25009,25
2025-12-19 01:11:22.060;25006,75;1;BID;25006,5;25007,5
2025-12-19 01:11:33.080;25006,5;1;ASK;25005,0;25007,0
2025-12-19 01:11:35.724;25005,0;1;ASK;25002,75;25006,0
2025-12-19 01:11:35.728;25005,0;1;ASK;25002,75;25006,0
2025-12-19 01:11:57.924;25003,75;1;ASK;25001,0;25003,0
2025-12-19 01:12:28.396;25006,25;1;ASK;25004,25;25006,25
2025-12-19 01:12:34.524;25006,0;1;ASK;25004,25;25006,25
2025-12-19 01:12:35.264;25005,5;1;BID;25007,75;25010,5
2025-12-19 01:12:52.752;25012,25;1;ASK;25009,25;25012,0
2025-12-19 01:13:01.088;25009,25;1;BID;25009,25;25012,25
2025-12-19 01:13:28.300;25005,0;1;ASK;25003,25;25006,25
2025-12-19 01:14:07.764;25005,25;1;ASK;25003,75;25005,25
2025-12-19 01:14:11.640;25003,75;1;ASK;25002,0;25005,0
2025-12-19 01:14:11.640;25003,75;1;ASK;25002,0;25005,0
2025-12-19 01:14:15.232;25001,0;1;ASK;24999,0;25002,0
2025-12-19 01:14:17.056;24999,0;1;BID;24998,75;25001,0
2025-12-19 01:14:57.944;25003,25;1;ASK;25000,5;25003,5
2025-12-19 01:15:21.232;25006,25;1;ASK;25004,75;25007,5
2025-12-19 01:15:23.296;25007,0;1;ASK;25003,5;25006,25
2025-12-19 01:15:37.200;25009,25;1;BID;25009,25;25012,0
2025-12-19 01:15:47.580;25012,25;1;ASK;25009,25;25012,5
2025-12-19 01:15:57.684;25009,25;1;ASK;25007,75;25010,75
2025-12-19 01:16:17.576;25013,0;1;BID;25012,5;25013,75
2025-12-19 01:16:21.068;25012,5;1;BID;25012,25;25013,75
2025-12-19 01:16:23.724;25009,75;1;ASK;25007,75;25010,75
2025-12-19 01:16:39.316;25003,25;1;ASK;25001,75;25004,5
2025-12-19 01:16:40.028;25004,5;1;ASK;25001,75;25004,0
2025-12-19 01:17:02.624;25001,75;1;ASK;24999,25;25002,0
2025-12-19 01:17:03.372;25001,0;1;ASK;24998,75;25001,5
2025-12-19 01:17:32.832;25001,75;1;ASK;25000,25;25002,75
2025-12-19 01:18:18.384;25000,5;1;ASK;24998,75;25002,0
2025-12-19 01:18:20.932;24998,75;1;BID;24997,5;25000,25
2025-12-19 01:18:43.188;24996,0;1;BID;24996,0;24998,5
2025-12-19 01:19:08.384;25002,0;1;ASK;24999,0;25001,0
2025-12-19 01:19:23.556;24999,0;1;ASK;24997,25;25000,0
2025-12-19 01:19:28.352;24997,25;1;BID;24997,25;25000,0
2025-12-19 01:19:58.088;25002,25;1;ASK;25000,25;25002,25
2025-12-19 01:20:20.316;25003,25;1;ASK;25001,75;25004,25
2025-12-19 01:20:34.032;25002,0;1;ASK;25000,5;25003,0
2025-12-19 01:20:38.344;25002,0;1;ASK;25000,25;25003,0
2025-12-19 01:20:52.008;24999,0;1;BID;24999,0;25001,75
2025-12-19 01:21:00.832;24998,75;1;ASK;24997,25;25000,0
2025-12-19 01:21:21.808;24996,75;1;ASK;24994,75;24997,25
2025-12-19 01:21:21.812;24996,75;1;ASK;24994,75;24997,25
2025-12-19 01:21:37.380;24996,0;1;BID;24996,0;24998,75
2025-12-19 01:21:54.780;24996,0;1;ASK;24994,25;24997,0
2025-12-19 01:22:07.152;24994,5;1;ASK;24992,75;24995,5
2025-12-19 01:22:52.756;24999,25;1;ASK;24996,5;24999,5
2025-12-19 01:23:08.568;25000,25;1;ASK;24998,75;25001,5
2025-12-19 01:23:29.008;25000,25;1;BID;24999,0;25001,75
2025-12-19 01:23:37.832;24998,75;1;ASK;24996,25;24999,75
2025-12-19 01:24:04.396;24997,25;1;ASK;24995,75;24998,0
2025-12-19 01:24:19.728;24995,75;1;ASK;24993,0;24995,5
2025-12-19 01:24:37.928;24994,25;1;BID;24993,25;24995,75
2025-12-19 01:24:41.388;24994,25;1;BID;24995,0;24998,5
2025-12-19 01:24:57.388;24998,75;1;ASK;24996,25;24998,75
2025-12-19 01:25:17.940;24998,0;1;BID;24996,5;24999,75
2025-12-19 01:26:20.268;24998,0;1;ASK;24996,0;24998,5
2025-12-19 01:26:56.588;25005,25;1;BID;25004,75;25007,5
2025-12-19 01:27:33.728;25006,75;1;ASK;25004,0;25006,75
2025-12-19 01:28:13.740;25001,25;1;ASK;24999,75;25002,25
2025-12-19 01:29:19.800;25005,5;1;BID;25006,25;25007,0
2025-12-19 01:29:23.972;25007,0;1;ASK;25005,5;25008,5
2025-12-19 01:30:19.936;25008,75;1;ASK;25008,0;25009,0
2025-12-19 01:30:20.536;25009,0;1;ASK;25007,5;25009,25
2025-12-19 01:31:45.036;25000,0;1;BID;24999,0;25001,5
2025-12-19 01:32:19.804;25006,0;1;ASK;25004,75;25007,0
2025-12-19 01:34:32.504;24992,0;1;BID;24991,5;24993,75
2025-12-19 01:36:05.156;24993,5;1;BID;24993,75;24996,5
2025-12-19 01:36:19.324;24991,5;1;ASK;24989,75;24992,5
2025-12-19 01:36:56.224;25000,0;1;ASK;24998,75;25000,0
2025-12-19 01:37:02.244;25000,0;1;BID;24999,75;25003,0
2025-12-19 01:37:03.000;25000,75;1;BID;24999,75;25003,0
2025-12-19 01:37:03.000;25000,25;1;BID;24999,75;25003,0
2025-12-19 01:37:08.528;25003,0;1;BID;25002,75;25004,75
2025-12-19 01:37:34.752;25001,5;1;ASK;24998,75;25001,0
2025-12-19 01:38:25.000;25000,75;1;ASK;24998,75;25001,0
2025-12-19 01:39:26.588;25001,25;1;ASK;25000,5;25001,25
2025-12-19 01:39:57.144;25002,25;1;ASK;25001,0;25002,25
2025-12-19 01:40:05.292;25002,25;2;BID;25001,75;25003,75
2025-12-19 01:40:11.332;25004,0;1;ASK;25002,75;25005,25
2025-12-19 01:40:11.340;25004,5;1;ASK;25002,75;25005,25
2025-12-19 01:40:13.084;25004,0;3;BID;25003,5;25005,75
2025-12-19 01:40:14.540;25003,5;1;ASK;24999,25;25001,75
2025-12-19 01:40:32.368;25000,25;1;ASK;24998,75;25001,25
2025-12-19 01:45:27.628;24996,0;1;BID;24995,25;24997,25
2025-12-19 01:45:33.356;24996,5;1;BID;24996,25;24998,5
2025-12-19 01:47:19.448;24992,5;1;ASK;24991,25;24993,5
2025-12-19 01:47:40.012;24992,5;1;BID;24992,25;24995,0
2025-12-19 01:47:59.024;24994,75;1;ASK;24992,25;24994,75
2025-12-19 01:48:08.080;24994,25;1;BID;24993,75;24996,25
2025-12-19 01:48:08.080;24994,25;1;BID;24993,75;24996,25
2025-12-19 01:48:08.080;24994,25;1;BID;24993,75;24996,25
2025-12-19 01:48:14.884;24995,5;1;BID;24994,75;24997,25
2025-12-19 01:48:45.312;24994,5;1;BID;24994,5;24997,25
2025-12-19 01:48:45.312;24994,5;1;BID;24994,5;24997,25
2025-12-19 01:52:16.896;25001,25;1;ASK;25000,25;25001,25
2025-12-19 01:52:17.036;25001,25;1;BID;25001,5;25003,0
2025-12-19 01:52:17.036;25001,25;1;BID;25001,5;25003,0
2025-12-19 01:52:17.036;25001,5;2;BID;25001,5;25003,0
2025-12-19 01:52:17.112;25001,5;1;BID;25001,5;25003,0
2025-12-19 01:52:17.128;25002,0;1;BID;25001,5;25003,0
2025-12-19 01:52:17.132;25002,0;1;BID;25001,5;25003,0
2025-12-19 01:52:17.132;25002,0;1;BID;25001,5;25003,0
2025-12-19 01:52:17.132;25002,25;1;ASK;25001,5;25003,0
2025-12-19 01:52:17.132;25002,25;1;ASK;25001,5;25003,0
2025-12-19 01:52:17.132;25002,25;1;ASK;25001,5;25003,0
2025-12-19 01:52:17.140;25002,5;3;ASK;25001,5;25003,0
2025-12-19 01:52:21.656;25003,0;1;ASK;25001,75;25004,0
2025-12-19 01:52:21.656;25003,0;1;ASK;25001,75;25004,0
2025-12-19 01:52:21.660;25003,0;1;ASK;25001,75;25004,0
2025-12-19 01:52:34.396;25002,25;2;BID;25002,25;25004,0
2025-12-19 01:52:53.408;25004,0;1;ASK;25001,75;25004,5
2025-12-19 01:52:53.408;25004,0;1;ASK;25001,75;25004,5
2025-12-19 01:52:53.408;25004,0;1;ASK;25001,75;25004,5
2025-12-19 01:52:56.060;25004,0;1;ASK;25002,25;25004,5
2025-12-19 01:54:09.444;25004,75;1;ASK;25003,5;25006,0
2025-12-19 01:56:08.788;25005,0;2;ASK;25003,0;25004,75
2025-12-19 01:56:08.788;25005,0;1;ASK;25003,0;25004,75
2025-12-19 01:56:08.788;25004,75;1;ASK;25003,0;25004,75
2025-12-19 01:56:08.788;25004,75;2;ASK;25003,0;25004,75
2025-12-19 01:56:08.788;25004,75;4;ASK;25003,0;25004,75
2025-12-19 01:56:08.788;25004,5;2;ASK;25003,0;25004,75
2025-12-19 01:56:08.788;25004,75;1;ASK;25003,0;25004,75
2025-12-19 01:56:08.788;25004,75;2;ASK;25003,0;25004,75
2025-12-19 01:56:08.788;25004,75;2;ASK;25003,0;25004,75
2025-12-19 01:56:08.796;25006,0;1;ASK;25003,0;25004,75
2025-12-19 01:57:31.396;25006,5;2;ASK;25005,5;25006,5
2025-12-19 01:57:31.396;25006,5;1;ASK;25005,5;25006,5
2025-12-19 01:57:31.404;25006,5;1;ASK;25005,5;25006,5
2025-12-19 01:57:39.268;25006,5;2;ASK;25005,5;25006,5
2025-12-19 01:57:44.012;25006,5;1;BID;25006,25;25008,25
2025-12-19 01:57:44.788;25006,5;1;BID;25006,25;25008,25
2025-12-19 01:57:49.492;25009,25;1;ASK;25008,25;25009,5
2025-12-19 01:57:49.492;25009,25;1;ASK;25008,25;25009,5
2025-12-19 01:57:56.168;25009,5;1;ASK;25008,25;25009,75
2025-12-19 01:57:57.128;25009,75;1;ASK;25009,25;25010,0
2025-12-19 01:57:58.204;25010,0;1;ASK;25009,25;25010,5
2025-12-19 01:58:13.640;25010,5;1;ASK;25009,25;25011,25
2025-12-19 01:59:10.924;25011,5;1;BID;25011,5;25013,75
2025-12-19 02:00:07.388;25009,5;2;BID;25011,0;25011,5
2025-12-19 02:00:07.388;25009,25;1;BID;25011,0;25011,5
2025-12-19 02:00:07.388;25009,25;1;BID;25011,0;25011,5
2025-12-19 02:00:07.412;25010,75;1;BID;25011,0;25011,5
2025-12-19 02:00:11.792;25011,5;1;ASK;25010,5;25012,25
2025-12-19 02:00:24.260;25010,75;1;ASK;25009,25;25011,5
2025-12-19 02:01:02.384;25006,5;1;BID;25005,5;25007,75
2025-12-19 02:02:09.040;24995,25;1;BID;25000,25;25003,0
2025-12-19 02:02:09.040;24994,25;1;BID;25000,25;25003,0
2025-12-19 02:02:09.448;24996,5;1;BID;25000,25;25003,0
2025-12-19 02:02:09.448;24997,25;1;BID;25000,25;25003,0
2025-12-19 02:02:09.448;24998,25;1;BID;25000,25;25003,0
2025-12-19 02:02:09.448;24998,5;1;BID;25000,25;25003,0
2025-12-19 02:02:09.448;24998,75;1;BID;25000,25;25003,0
2025-12-19 02:02:09.448;24998,75;1;BID;25000,25;25003,0
2025-12-19 02:02:09.448;24999,5;1;BID;25000,25;25003,0
2025-12-19 02:02:09.448;24999,75;1;BID;25000,25;25003,0
2025-12-19 02:02:09.944;25001,75;1;ASK;25000,25;25003,0
2025-12-19 02:02:23.560;24994,25;3;BID;24994,25;24995,5
2025-12-19 02:02:23.872;24994,25;1;BID;24994,25;24995,5
2025-12-19 02:02:25.444;24994,25;1;BID;24994,25;24995,75
2025-12-19 02:02:26.360;24994,25;2;BID;24994,25;24995,75
2025-12-19 02:02:31.472;24995,75;1;ASK;24994,25;24996,0
2025-12-19 02:02:32.988;24994,25;1;BID;24994,25;24995,5
2025-12-19 02:02:33.832;24994,25;1;BID;24994,25;24995,25
2025-12-19 02:02:36.208;24994,25;1;BID;24994,25;24996,25
2025-12-19 02:02:36.216;24994,25;2;BID;24994,25;24996,25
2025-12-19 02:02:36.216;24994,25;4;BID;24994,25;24996,25
2025-12-19 02:02:36.216;24994,25;1;BID;24994,25;24996,25
2025-12-19 02:02:37.764;24994,25;2;BID;24994,25;24996,0
2025-12-19 02:02:41.996;24991,25;1;BID;24990,0;24992,75
2025-12-19 02:02:58.568;24990,0;4;ASK;24989,0;24991,0
2025-12-19 02:02:58.572;24990,0;1;ASK;24989,0;24991,0
2025-12-19 02:02:59.128;24989,0;1;BID;24988,5;24991,0
2025-12-19 02:03:44.376;24982,25;1;ASK;24980,75;24983,5
2025-12-19 02:03:54.260;24987,0;1;BID;24988,0;24989,5
2025-12-19 02:03:55.776;24988,25;1;BID;24988,0;24990,75
2025-12-19 02:04:01.168;24988,0;1;ASK;24986,5;24989,25
2025-12-19 02:05:23.752;24992,75;1;ASK;24991,25;24994,25
2025-12-19 02:06:00.104;24988,25;1;ASK;24985,25;24988,0
2025-12-19 02:06:13.544;24983,0;1;ASK;24981,5;24984,5
2025-12-19 02:10:01.864;25000,0;1;BID;24999,25;25001,75
2025-12-19 02:10:10.232;25004,5;1;ASK;25000,75;25003,25
2025-12-19 02:10:10.232;25004,75;1;ASK;25000,75;25003,25
2025-12-19 02:10:10.232;25004,75;1;ASK;25000,75;25003,25
2025-12-19 02:10:51.564;25001,75;1;ASK;24999,0;25001,75
2025-12-19 02:16:15.536;25006,0;1;ASK;25003,5;25006,25
2025-12-19 02:16:16.064;25003,5;1;BID;25004,75;25006,75
2025-12-19 02:16:16.064;25003,5;1;BID;25004,75;25006,75
2025-12-19 02:16:32.560;25008,0;1;ASK;25006,25;25008,75
2025-12-19 02:17:01.952;25012,25;1;BID;25011,25;25013,75
2025-12-19 02:17:01.952;25011,75;1;BID;25011,25;25013,75
2025-12-19 02:17:15.524;25011,5;1;BID;25010,75;25013,5
2025-12-19 02:17:18.968;25011,5;1;BID;25010,75;25013,75
2025-12-19 02:17:29.444;25009,5;1;BID;25009,25;25012,25
2025-12-19 02:17:29.444;25009,25;1;BID;25009,25;25012,25
2025-12-19 02:18:24.476;25012,0;1;BID;25011,5;25013,75
2025-12-19 02:18:24.476;25011,75;2;BID;25011,5;25013,75
2025-12-19 02:18:24.476;25011,5;1;BID;25011,5;25013,75
2025-12-19 02:21:33.604;25003,0;1;ASK;25000,5;25003,25
2025-12-19 02:22:47.012;25006,75;1;BID;25006,0;25009,0
2025-12-19 02:22:47.012;25006,5;2;BID;25006,0;25009,0
2025-12-19 02:25:02.892;25003,25;1;BID;25002,25;25004,75
2025-12-19 02:26:35.624;25001,0;1;ASK;24998,75;25001,5
2025-12-19 02:26:35.624;25001,5;1;ASK;24998,75;25001,5
2025-12-19 02:26:35.624;25001,5;1;ASK;24998,75;25001,5
2025-12-19 02:27:46.008;24997,75;1;BID;24997,75;25000,25
2025-12-19 02:30:33.992;24995,5;1;ASK;24993,0;24996,0
2025-12-19 02:30:33.992;24995,75;1;ASK;24993,0;24996,0
2025-12-19 02:31:22.116;24983,75;1;ASK;24980,75;24983,25
2025-12-19 02:31:31.012;24983,75;1;ASK;24982,0;24984,5
2025-12-19 02:37:22.256;24997,25;1;BID;24998,0;25000,25
2025-12-19 02:37:22.256;24997,25;1;BID;24998,0;25000,25
2025-12-19 02:37:58.348;25001,75;1;BID;25001,25;25003,25
2025-12-19 02:39:36.736;25009,75;1;ASK;25008,75;25010,75
2025-12-19 02:39:36.736;25009,5;1;BID;25008,75;25010,75
2025-12-19 02:41:39.000;25003,5;1;BID;25003,0;25005,5
2025-12-19 02:42:56.396;24997,75;2;ASK;24995,5;24998,25
2025-12-19 02:42:56.396;24997,5;2;ASK;24995,5;24998,25
2025-12-19 02:42:56.404;24997,25;1;ASK;24995,5;24998,25
2025-12-19 02:43:33.568;25000,0;1;BID;24999,25;25001,75
2025-12-19 02:44:46.872;25000,25;1;ASK;24997,75;25000,25
2025-12-19 02:45:32.436;24994,25;1;BID;24993,5;24995,75
2025-12-19 02:45:56.144;25000,0;1;ASK;24996,75;25000,0
2025-12-19 02:46:20.200;24999,75;1;ASK;24996,75;24999,5
2025-12-19 02:47:22.932;24990,75;2;ASK;24987,75;24989,75
2025-12-19 02:47:22.932;24990,5;2;ASK;24987,75;24989,75
2025-12-19 02:47:22.932;24990,25;1;ASK;24987,75;24989,75
2025-12-19 02:47:22.932;24990,25;2;ASK;24987,75;24989,75
2025-12-19 02:47:22.932;24990,0;2;ASK;24987,75;24989,75
2025-12-19 02:47:22.936;24989,75;2;ASK;24987,75;24989,75
2025-12-19 02:47:28.472;24991,25;1;ASK;24988,75;24991,25
2025-12-19 02:47:28.472;24991,25;1;ASK;24988,75;24991,25
2025-12-19 02:49:04.896;24993,75;1;BID;24993,25;24995,75
2025-12-19 02:50:22.424;25001,75;1;BID;25001,5;25004,0
2025-12-19 02:50:28.876;25006,25;1;BID;25005,25;25007,75
2025-12-19 02:51:35.868;25005,25;1;BID;25004,75;25006,75
2025-12-19 02:51:38.696;25006,75;1;BID;25015,25;25019,5
2025-12-19 02:51:38.696;25007,0;1;BID;25015,25;25019,5
2025-12-19 02:51:38.696;25007,0;2;BID;25015,25;25019,5
2025-12-19 02:51:38.696;25007,25;1;BID;25015,25;25019,5
2025-12-19 02:51:38.696;25007,25;2;BID;25015,25;25019,5
2025-12-19 02:51:38.696;25007,5;2;BID;25015,25;25019,5
2025-12-19 02:51:38.696;25007,75;1;BID;25015,25;25019,5
2025-12-19 02:51:38.696;25007,75;2;BID;25015,25;25019,5
2025-12-19 02:51:38.696;25008,0;2;BID;25015,25;25019,5
2025-12-19 02:51:38.696;25008,25;1;BID;25015,25;25019,5
2025-12-19 02:51:38.696;25008,25;2;BID;25015,25;25019,5
2025-12-19 02:51:38.696;25008,5;2;BID;25015,25;25019,5
2025-12-19 02:51:38.696;25008,75;1;BID;25015,25;25019,5
2025-12-19 02:51:38.696;25008,75;1;BID;25015,25;25019,5
2025-12-19 02:51:38.696;25009,25;1;BID;25015,25;25019,5
2025-12-19 02:51:38.696;25009,25;1;BID;25015,25;25019,5
2025-12-19 02:51:38.696;25009,25;1;BID;25015,25;25019,5
2025-12-19 02:51:38.708;25010,25;1;BID;25015,25;25019,5
2025-12-19 02:51:38.708;25010,5;1;BID;25015,25;25019,5
2025-12-19 02:51:38.736;25012,25;1;BID;25015,25;25019,5
2025-12-19 02:51:38.740;25013,75;1;BID;25015,25;25019,5
2025-12-19 02:51:38.764;25015,25;1;BID;25015,25;25019,5
2025-12-19 02:51:38.764;25015,0;1;BID;25015,25;25019,5
2025-12-19 02:51:38.764;25011,5;1;BID;25015,25;25019,5
2025-12-19 02:51:38.788;25014,75;1;BID;25015,25;25019,5
2025-12-19 02:51:38.788;25014,25;1;BID;25015,25;25019,5
2025-12-19 02:51:38.788;25013,75;1;BID;25015,25;25019,5
2025-12-19 02:51:38.788;25011,5;1;BID;25015,25;25019,5
2025-12-19 02:51:38.804;25013,5;1;BID;25015,25;25019,5
2025-12-19 02:51:38.832;25014,0;1;BID;25015,25;25019,5
2025-12-19 02:51:46.524;25020,0;1;ASK;25018,75;25020,0
2025-12-19 02:51:46.524;25020,0;3;ASK;25018,75;25020,0
2025-12-19 02:51:46.528;25020,0;1;ASK;25018,75;25020,0
2025-12-19 02:51:46.528;25020,0;1;ASK;25018,75;25020,0
2025-12-19 02:51:47.284;25020,0;1;BID;25021,5;25024,25
2025-12-19 02:51:47.284;25020,0;1;BID;25021,5;25024,25
2025-12-19 02:51:47.288;25020,0;3;BID;25021,5;25024,25
2025-12-19 02:51:47.288;25020,0;3;BID;25021,5;25024,25
2025-12-19 02:51:47.288;25020,0;2;BID;25021,5;25024,25
2025-12-19 02:51:47.288;25020,0;1;BID;25021,5;25024,25
2025-12-19 02:51:47.288;25020,0;2;BID;25021,5;25024,25
2025-12-19 02:52:51.568;25025,0;1;ASK;25024,25;25025,0
2025-12-19 02:52:51.568;25025,0;1;ASK;25024,25;25025,0
2025-12-19 02:52:54.696;25025,0;1;BID;25024,5;25026,0
2025-12-19 02:52:54.696;25025,0;1;BID;25024,5;25026,0
2025-12-19 02:52:57.208;25025,0;1;ASK;25022,75;25025,5
2025-12-19 02:53:01.892;25024,25;1;BID;25023,75;25026,0
2025-12-19 02:53:06.292;25025,75;1;BID;25027,25;25029,75
2025-12-19 02:53:06.292;25026,0;1;BID;25027,25;25029,75
2025-12-19 02:53:06.292;25027,0;2;BID;25027,25;25029,75
2025-12-19 02:53:06.292;25027,25;1;BID;25027,25;25029,75
2025-12-19 02:53:06.292;25027,25;2;BID;25027,25;25029,75
2025-12-19 02:53:06.292;25027,5;2;BID;25027,25;25029,75
2025-12-19 02:53:06.292;25027,75;2;BID;25027,25;25029,75
2025-12-19 02:53:06.292;25028,0;2;BID;25027,25;25029,75
2025-12-19 02:53:14.028;25029,5;1;ASK;25027,25;25029,5
2025-12-19 02:53:14.028;25029,5;1;ASK;25027,25;25029,5
2025-12-19 02:53:31.784;25025,25;1;ASK;25022,75;25025,25
2025-12-19 02:53:34.432;25024,75;1;BID;25024,25;25027,0
2025-12-19 02:53:57.620;25028,0;1;BID;25028,75;25030,75
2025-12-19 02:54:28.312;25021,5;1;ASK;25020,0;25022,5
2025-12-19 02:54:28.312;25021,25;1;ASK;25020,0;25022,5
2025-12-19 02:54:28.312;25021,25;1;ASK;25020,0;25022,5
2025-12-19 02:54:28.312;25021,0;1;BID;25020,0;25022,5
2025-12-19 02:54:28.312;25021,0;1;BID;25020,0;25022,5
2025-12-19 02:57:19.384;25035,0;1;BID;25034,5;25037,0
2025-12-19 02:57:19.428;25035,0;1;BID;25034,5;25037,0
2025-12-19 02:57:19.436;25035,0;1;BID;25034,5;25037,0
2025-12-19 02:57:19.436;25035,0;1;BID;25034,5;25037,0
2025-12-19 02:57:42.540;25039,75;1;BID;25039,5;25042,5
2025-12-19 02:57:42.540;25040,0;1;BID;25039,5;25042,5
2025-12-19 02:59:20.124;25038,5;1;ASK;25035,5;25037,75
2025-12-19 02:59:57.508;25034,0;1;ASK;25031,75;25034,25
2025-12-19 02:59:57.508;25034,25;1;ASK;25031,75;25034,25
2025-12-19 03:00:00.024;25030,0;1;BID;25030,5;25033,0
2025-12-19 03:01:58.848;25038,0;1;BID;25037,75;25040,5
2025-12-19 03:10:24.836;25031,0;1;BID;25031,0;25032,75
2025-12-19 03:10:24.852;25031,0;1;BID;25031,0;25032,75
2025-12-19 03:10:24.920;25031,0;1;BID;25031,0;25032,75
2025-12-19 03:10:25.012;25031,0;1;BID;25031,0;25031,75
2025-12-19 03:10:25.624;25031,0;1;BID;25031,0;25031,75
2025-12-19 03:10:28.424;25031,0;1;BID;25031,0;25031,75
2025-12-19 03:10:29.596;25031,0;1;BID;25031,0;25032,25
2025-12-19 03:10:29.596;25031,0;1;BID;25031,0;25032,25
2025-12-19 03:10:41.012;25031,0;1;BID;25031,0;25033,0
2025-12-19 03:10:41.012;25031,0;1;BID;25031,0;25033,0
2025-12-19 03:10:55.276;25031,0;1;BID;25031,0;25032,0
2025-12-19 03:11:00.012;25031,0;1;ASK;25028,5;25031,0
2025-12-19 03:11:00.016;25031,0;1;ASK;25028,5;25031,0
2025-12-19 03:11:00.016;25031,0;1;ASK;25028,5;25031,0
2025-12-19 03:11:00.016;25031,0;3;ASK;25028,5;25031,0
2025-12-19 03:11:01.544;25029,5;1;BID;25029,5;25032,0
2025-12-19 03:12:34.196;25040,5;1;BID;25039,75;25042,25
2025-12-19 03:12:34.196;25040,25;1;BID;25039,75;25042,25
2025-12-19 03:12:34.196;25040,0;1;BID;25039,75;25042,25
2025-12-19 03:12:34.196;25040,0;1;BID;25039,75;25042,25
2025-12-19 03:12:34.200;25040,0;1;BID;25039,75;25042,25
2025-12-19 03:13:27.476;25040,5;1;BID;25040,75;25043,0
2025-12-19 03:13:44.168;25044,25;1;ASK;25041,25;25044,25
2025-12-19 03:16:08.120;25040,25;1;BID;25039,5;25042,25
2025-12-19 03:16:35.568;25041,75;1;ASK;25040,25;25042,25
2025-12-19 03:16:50.868;25040,25;1;ASK;25037,75;25040,25
2025-12-19 03:16:50.868;25040,25;1;ASK;25037,75;25040,25
2025-12-19 03:17:17.744;25036,75;1;ASK;25034,25;25036,25
2025-12-19 03:22:48.712;25031,25;1;ASK;25030,25;25032,25
2025-12-19 03:22:48.712;25032,25;1;ASK;25030,25;25032,25
2025-12-19 03:22:48.712;25032,25;1;ASK;25030,25;25032,25
2025-12-19 03:22:48.712;25032,5;2;ASK;25030,25;25032,25
2025-12-19 03:22:48.712;25032,75;2;ASK;25030,25;25032,25
2025-12-19 03:23:44.504;25030,5;1;BID;25030,25;25032,25
2025-12-19 03:28:40.544;25042,0;1;ASK;25040,25;25042,5
2025-12-19 03:28:40.544;25042,25;1;ASK;25040,25;25042,5
2025-12-19 03:29:27.332;25042,25;1;ASK;25040,25;25042,25
2025-12-19 03:29:56.984;25040,25;1;ASK;25038,25;25041,0
2025-12-19 03:30:28.464;25042,0;1;ASK;25040,25;25042,75
2025-12-19 03:31:28.100;25042,5;1;BID;25046,25;25049,0
2025-12-19 03:31:53.904;25049,0;1;BID;25048,5;25051,0
2025-12-19 03:31:53.904;25049,0;1;BID;25048,5;25051,0
2025-12-19 03:42:29.356;25042,5;1;BID;25042,25;25044,5
2025-12-19 03:45:32.288;25039,5;1;ASK;25036,25;25039,0
2025-12-19 03:45:32.288;25040,0;1;ASK;25036,25;25039,0
2025-12-19 03:45:32.288;25040,25;1;ASK;25036,25;25039,0
2025-12-19 03:47:42.332;25030,5;1;ASK;25029,0;25031,75
2025-12-19 03:48:53.780;25031,25;1;BID;25030,75;25032,25
2025-12-19 03:49:03.956;25031,5;1;BID;25030,5;25033,0
2025-12-19 03:49:27.372;25033,5;1;BID;25033,25;25035,75
2025-12-19 03:49:43.964;25029,5;1;ASK;25028,0;25030,25
2025-12-19 03:50:01.644;25028,0;1;ASK;25026,5;25028,75
2025-12-19 03:56:35.552;25023,75;1;ASK;25021,25;25024,0
2025-12-19 03:56:40.740;25025,5;1;ASK;25022,75;25025,5
2025-12-19 03:56:46.896;25027,25;1;ASK;25025,75;25028,25
2025-12-19 03:56:52.956;25029,25;1;ASK;25027,25;25029,75
2025-12-19 03:56:58.252;25031,5;1;ASK;25028,75;25031,0
2025-12-19 03:57:03.624;25031,75;1;ASK;25030,25;25033,25
2025-12-19 03:57:08.740;25031,75;1;ASK;25030,75;25032,75
2025-12-19 03:57:15.656;25030,25;1;BID;25029,75;25033,0
2025-12-19 03:57:21.300;25028,25;1;ASK;25026,0;25029,75
2025-12-19 03:57:32.060;25027,5;1;BID;25026,0;25029,75
2025-12-19 03:57:36.472;25026,0;1;BID;25026,0;25028,75
2025-12-19 03:57:43.068;25026,0;1;BID;25025,75;25028,5
2025-12-19 03:57:49.496;25024,25;1;BID;25023,75;25026,75
2025-12-19 03:58:49.980;25019,25;1;BID;25019,0;25022,75
2025-12-19 04:00:20.360;25015,25;1;BID;25014,25;25016,75
2025-12-19 04:00:20.360;25014,75;1;BID;25014,25;25016,75
2025-12-19 04:00:26.360;25015,25;1;ASK;25013,75;25016,25
2025-12-19 04:01:01.976;25018,0;1;BID;25018,25;25019,0
2025-12-19 04:01:01.980;25018,25;1;BID;25018,25;25019,0
2025-12-19 04:01:01.988;25019,0;1;ASK;25018,25;25019,0
2025-12-19 04:01:02.496;25019,0;2;BID;25019,0;25021,25
2025-12-19 04:01:02.496;25019,0;1;BID;25019,0;25021,25
2025-12-19 04:01:02.548;25018,75;1;BID;25019,0;25021,25
2025-12-19 04:01:52.460;25019,25;4;ASK;25017,25;25019,75
2025-12-19 04:01:52.460;25019,25;1;ASK;25017,25;25019,75
2025-12-19 04:04:08.236;25019,0;1;BID;25018,5;25020,75
2025-12-19 04:05:16.828;25012,0;1;BID;25011,5;25013,75
2025-12-19 04:05:17.776;25011,25;1;BID;25011,25;25013,75
2025-12-19 04:05:17.776;25011,25;1;BID;25011,25;25013,75
2025-12-19 04:05:33.536;25013,0;1;ASK;25010,75;25013,25
2025-12-19 04:05:55.108;25014,0;1;BID;25014,5;25016,5
2025-12-19 04:07:14.012;25016,0;1;BID;25015,5;25017,0
2025-12-19 04:07:24.948;25017,0;1;BID;25016,5;25018,0
2025-12-19 04:07:43.728;25022,0;1;BID;25022,5;25023,0
2025-12-19 04:07:44.020;25023,0;1;BID;25023,25;25025,25
2025-12-19 04:08:08.844;25031,75;1;BID;25031,5;25033,75
2025-12-19 04:08:32.632;25035,0;1;ASK;25033,5;25035,0
2025-12-19 04:08:41.716;25032,25;1;BID;25031,75;25034,25
2025-12-19 04:08:41.848;25034,25;1;ASK;25031,75;25034,25
2025-12-19 04:08:56.284;25033,75;1;ASK;25032,0;25034,25
2025-12-19 04:10:29.228;25026,75;1;ASK;25023,75;25026,0
2025-12-19 04:10:29.956;25024,0;1;BID;25023,75;25026,0
2025-12-19 04:11:34.720;25023,0;1;ASK;25021,25;25023,25
2025-12-19 04:11:51.700;25024,25;1;ASK;25022,25;25024,5
2025-12-19 04:12:11.016;25026,75;1;BID;25026,75;25028,75
2025-12-19 04:12:11.016;25026,75;1;BID;25026,75;25028,75
2025-12-19 04:12:11.020;25026,75;1;BID;25026,75;25028,75
2025-12-19 04:13:07.188;25035,0;2;ASK;25033,25;25035,0
2025-12-19 04:13:15.100;25031,75;1;BID;25031,5;25033,75
2025-12-19 04:13:43.464;25035,0;1;ASK;25034,0;25036,0
2025-12-19 04:20:05.456;25012,5;1;ASK;25010,5;25012,5
2025-12-19 04:20:05.524;25012,25;1;ASK;25010,5;25012,5
2025-12-19 04:21:31.040;25013,0;1;BID;25012,25;25014,25
2025-12-19 04:21:31.860;25012,75;1;BID;25012,25;25014,25
2025-12-19 04:21:31.860;25012,75;1;BID;25012,25;25014,25
2025-12-19 04:21:31.860;25013,0;1;BID;25012,25;25014,25
2025-12-19 04:21:31.860;25013,25;1;ASK;25012,25;25014,25
2025-12-19 04:21:31.860;25013,5;1;ASK;25012,25;25014,25
2025-12-19 04:21:31.860;25013,5;1;ASK;25012,25;25014,25
2025-12-19 04:21:41.236;25016,25;1;ASK;25014,0;25016,75
2025-12-19 04:21:41.236;25015,75;1;ASK;25014,0;25016,75
2025-12-19 04:21:54.248;25017,25;1;ASK;25015,5;25017,25
2025-12-19 04:21:54.248;25017,0;1;ASK;25015,5;25017,25
2025-12-19 04:21:54.248;25016,75;1;ASK;25015,5;25017,25
2025-12-19 04:22:13.168;25021,5;3;BID;25025,0;25027,0
2025-12-19 04:22:22.052;25031,0;1;ASK;25029,5;25032,0
2025-12-19 04:22:22.052;25030,75;1;ASK;25029,5;25032,0
2025-12-19 04:23:56.056;25032,5;1;BID;25032,5;25034,25
2025-12-19 04:24:02.992;25035,0;1;BID;25035,5;25037,25
2025-12-19 04:24:17.468;25038,25;1;ASK;25036,25;25039,0
2025-12-19 04:24:17.468;25038,75;2;ASK;25036,25;25039,0
2025-12-19 04:25:14.300;25040,25;1;ASK;25038,75;25040,25
2025-12-19 04:25:14.300;25039,75;1;ASK;25038,75;25040,25
2025-12-19 04:25:14.300;25039,75;1;ASK;25038,75;25040,25
2025-12-19 04:25:30.284;25043,25;1;BID;25042,75;25045,25
2025-12-19 04:25:30.296;25043,25;1;BID;25042,75;25045,25
2025-12-19 04:25:51.608;25049,25;1;ASK;25048,25;25050,25
2025-12-19 04:25:51.624;25050,0;1;ASK;25048,25;25050,25
2025-12-19 04:25:51.688;25049,25;1;ASK;25048,25;25050,25
2025-12-19 04:25:52.320;25051,25;1;BID;25052,75;25055,0
2025-12-19 04:25:52.320;25051,25;1;BID;25052,75;25055,0
2025-12-19 04:25:52.340;25050,25;1;BID;25052,75;25055,0
2025-12-19 04:25:52.340;25050,25;1;BID;25052,75;25055,0
2025-12-19 04:25:52.340;25049,25;1;BID;25052,75;25055,0
2025-12-19 04:25:55.720;25055,0;1;ASK;25053,5;25055,75
2025-12-19 04:26:01.416;25056,5;1;BID;25056,75;25058,5
2025-12-19 04:26:05.824;25058,5;1;BID;25057,5;25059,75
2025-12-19 04:26:16.116;25060,0;1;ASK;25058,75;25060,0
2025-12-19 04:26:17.388;25060,0;1;ASK;25058,0;25060,25
2025-12-19 04:26:27.084;25062,25;1;BID;25062,0;25064,75
2025-12-19 04:26:27.088;25062,5;1;BID;25062,0;25064,75
2025-12-19 04:26:27.088;25063,0;1;BID;25062,0;25064,75
2025-12-19 04:26:27.892;25066,0;1;ASK;25062,0;25064,75
2025-12-19 04:26:34.736;25069,25;1;ASK;25067,75;25070,5
2025-12-19 04:26:36.748;25073,25;1;ASK;25070,75;25073,75
2025-12-19 04:26:36.748;25073,0;1;ASK;25070,75;25073,75
2025-12-19 04:26:39.300;25076,0;3;ASK;25074,0;25076,75
2025-12-19 04:28:12.332;25060,0;1;ASK;25057,25;25060,25
2025-12-19 04:29:09.900;25052,0;1;BID;25051,25;25054,25
2025-12-19 04:30:46.424;25059,0;1;BID;25058,75;25061,25
2025-12-19 04:30:46.424;25059,0;1;BID;25058,75;25061,25
2025-12-19 04:31:58.896;25062,0;1;ASK;25059,75;25062,75
2025-12-19 04:32:08.360;25063,25;1;ASK;25060,25;25063,25
2025-12-19 04:32:46.904;25058,5;1;ASK;25055,75;25058,5
2025-12-19 04:33:02.784;25055,0;1;ASK;25052,75;25055,75
2025-12-19 04:33:41.668;25048,0;1;ASK;25045,25;25048,25
2025-12-19 04:35:08.148;25056,25;1;ASK;25054,25;25056,25
2025-12-19 04:35:08.172;25056,25;2;ASK;25054,25;25056,25
2025-12-19 04:35:27.948;25056,25;2;BID;25055,75;25058,5
2025-12-19 04:35:56.756;25051,5;2;BID;25050,5;25053,25
2025-12-19 04:36:52.232;25055,25;1;BID;25054,25;25056,5
2025-12-19 04:37:45.344;25052,25;1;ASK;25050,25;25053,25
2025-12-19 04:38:39.512;25051,0;1;BID;25051,25;25053,0
2025-12-19 04:38:39.512;25051,0;1;BID;25051,25;25053,0
2025-12-19 04:38:39.512;25051,0;1;BID;25051,25;25053,0
2025-12-19 04:40:26.404;25055,0;1;BID;25054,25;25056,5
2025-12-19 04:42:29.484;25066,75;1;ASK;25064,75;25066,75
2025-12-19 04:42:35.336;25068,75;1;BID;25069,25;25071,0
2025-12-19 04:42:35.340;25068,75;1;BID;25069,25;25071,0
2025-12-19 04:44:43.464;25072,75;1;BID;25072,5;25075,0
2025-12-19 04:44:43.464;25072,75;9;BID;25072,5;25075,0
2025-12-19 04:47:22.132;25071,25;2;ASK;25069,25;25072,0
2025-12-19 04:48:01.028;25073,0;2;BID;25072,25;25075,0
2025-12-19 04:48:01.028;25073,0;3;BID;25072,25;25075,0
2025-12-19 04:48:29.244;25069,25;1;BID;25069,25;25072,0
2025-12-19 04:48:29.244;25069,25;1;BID;25069,25;25072,0
2025-12-19 04:49:54.096;25075,25;1;BID;25074,5;25077,75
2025-12-19 04:50:07.156;25077,75;1;ASK;25075,25;25078,0
2025-12-19 04:51:53.576;25075,0;1;ASK;25073,75;25076,25
2025-12-19 04:53:25.320;25075,5;1;BID;25075,5;25079,0
2025-12-19 04:54:35.192;25080,0;3;BID;25079,75;25082,0
2025-12-19 04:55:17.056;25080,0;1;BID;25079,75;25082,0
2025-12-19 04:55:17.728;25082,0;1;ASK;25079,75;25082,0
2025-12-19 04:55:17.728;25082,5;1;ASK;25079,75;25082,0
2025-12-19 04:55:59.732;25083,25;1;ASK;25081,25;25083,75
2025-12-19 04:56:06.800;25081,25;1;BID;25080,75;25083,75
2025-12-19 04:57:09.936;25073,0;1;ASK;25071,0;25073,75
2025-12-19 04:59:41.456;25066,5;1;BID;25067,75;25070,5
2025-12-19 05:00:26.084;25075,0;1;BID;25073,75;25076,5
2025-12-19 05:00:27.084;25076,5;1;BID;25075,25;25078,0
2025-12-19 05:00:42.880;25078,25;1;ASK;25075,5;25078,25
2025-12-19 05:00:42.880;25079,0;1;ASK;25075,5;25078,25
2025-12-19 05:03:45.756;25080,0;1;ASK;25078,5;25081,25
2025-12-19 05:06:25.924;25076,75;1;ASK;25074,25;25076,75
2025-12-19 05:07:51.208;25078,25;1;ASK;25076,75;25079,25
2025-12-19 05:08:48.908;25080,0;1;ASK;25079,0;25080,0
2025-12-19 05:09:02.124;25080,0;1;ASK;25078,25;25080,0
2025-12-19 05:09:02.132;25080,0;1;ASK;25078,25;25080,0
2025-12-19 05:09:26.828;25080,0;1;BID;25079,75;25082,0
2025-12-19 05:09:26.828;25080,0;2;BID;25079,75;25082,0
2025-12-19 05:09:26.828;25080,0;2;BID;25079,75;25082,0
2025-12-19 05:09:26.828;25080,0;2;BID;25079,75;25082,0
2025-12-19 05:09:26.828;25080,0;1;BID;25079,75;25082,0
2025-12-19 05:09:26.832;25080,0;5;BID;25079,75;25082,0
2025-12-19 05:09:26.832;25080,0;4;BID;25079,75;25082,0
2025-12-19 05:11:14.812;25079,75;1;ASK;25077,0;25079,75
2025-12-19 05:11:14.812;25079,75;1;ASK;25077,0;25079,75
2025-12-19 05:11:41.508;25077,0;1;ASK;25074,0;25077,25
2025-12-19 05:11:48.408;25078,25;1;ASK;25076,25;25077,75
2025-12-19 05:13:21.040;25080,25;1;BID;25080,25;25081,5
2025-12-19 05:13:24.116;25081,5;1;ASK;25079,5;25081,5
2025-12-19 05:13:24.116;25081,5;2;ASK;25079,5;25081,5
2025-12-19 05:15:40.032;25075,25;1;BID;25074,75;25077,25
2025-12-19 05:19:17.296;25075,5;2;ASK;25073,75;25075,5
2025-12-19 05:19:17.948;25075,5;2;ASK;25073,75;25075,5
2025-12-19 05:22:14.056;25061,5;1;BID;25060,75;25063,25
2025-12-19 05:22:14.056;25061,25;1;BID;25060,75;25063,25
2025-12-19 05:22:14.056;25061,0;1;BID;25060,75;25063,25
2025-12-19 05:26:35.516;25061,25;1;ASK;25059,5;25061,25
2025-12-19 05:26:35.516;25061,0;1;ASK;25059,5;25061,25
2025-12-19 05:26:35.516;25061,0;6;ASK;25059,5;25061,25
2025-12-19 05:26:35.516;25060,75;1;ASK;25059,5;25061,25
2025-12-19 05:26:36.204;25059,5;1;BID;25058,75;25061,25
2025-12-19 05:26:36.204;25059,5;1;BID;25058,75;25061,25
2025-12-19 05:28:55.656;25062,25;1;ASK;25059,75;25062,25
2025-12-19 05:29:05.768;25063,25;1;ASK;25061,5;25063,75
2025-12-19 05:30:17.732;25065,25;1;BID;25066,0;25068,5
2025-12-19 05:30:26.608;25067,5;1;BID;25067,5;25070,0
2025-12-19 05:32:01.780;25066,75;1;ASK;25064,25;25067,0
2025-12-19 05:32:19.252;25064,5;2;BID;25064,25;25066,5
2025-12-19 05:34:13.220;25066,75;1;BID;25066,25;25068,25
2025-12-19 05:35:25.528;25062,75;1;ASK;25061,25;25063,25
2025-12-19 05:36:36.244;25056,75;1;ASK;25055,25;25057,25
2025-12-19 05:38:04.816;25059,5;1;ASK;25057,25;25059,25
2025-12-19 05:42:00.680;25055,25;1;BID;25054,5;25056,75
2025-12-19 05:42:06.652;25055,25;1;BID;25055,75;25058,0
2025-12-19 05:45:00.740;25061,25;1;ASK;25060,0;25062,25
2025-12-19 05:45:46.940;25061,75;1;BID;25062,0;25064,0
2025-12-19 05:45:46.944;25062,25;1;BID;25062,0;25064,0
2025-12-19 05:45:46.944;25062,75;1;BID;25062,0;25064,0
2025-12-19 05:45:46.944;25063,0;1;ASK;25062,0;25064,0
2025-12-19 05:49:40.964;25064,0;1;ASK;25063,0;25064,25
2025-12-19 05:49:40.976;25063,5;1;BID;25063,0;25064,25
2025-12-19 05:51:20.956;25062,5;1;ASK;25061,5;25063,25
2025-12-19 05:52:02.424;25063,25;1;BID;25062,5;25065,0
2025-12-19 05:52:02.424;25063,25;1;BID;25062,5;25065,0
2025-12-19 05:52:02.424;25063,5;1;BID;25062,5;25065,0
2025-12-19 05:52:02.424;25063,75;1;ASK;25062,5;25065,0
2025-12-19 05:52:02.424;25064,0;1;ASK;25062,5;25065,0
2025-12-19 05:52:13.764;25063,25;1;ASK;25061,25;25063,25
2025-12-19 05:52:13.764;25063,75;1;ASK;25061,25;25063,25
2025-12-19 05:52:13.764;25064,0;2;ASK;25061,25;25063,25
2025-12-19 05:52:13.764;25064,0;1;ASK;25061,25;25063,25
2025-12-19 05:52:32.540;25063,5;2;ASK;25061,25;25063,5
2025-12-19 05:55:39.612;25066,25;1;ASK;25064,25;25066,75
2025-12-19 05:55:39.616;25065,75;1;ASK;25064,25;25066,75
2025-12-19 05:56:09.232;25068,75;2;BID;25070,75;25072,5
2025-12-19 05:56:09.232;25068,75;1;BID;25070,75;25072,5
2025-12-19 05:56:09.232;25069,0;2;BID;25070,75;25072,5
2025-12-19 05:56:09.232;25069,0;1;BID;25070,75;25072,5
2025-12-19 05:56:09.232;25069,25;1;BID;25070,75;25072,5
2025-12-19 05:56:09.232;25069,25;1;BID;25070,75;25072,5
2025-12-19 05:56:09.232;25069,25;2;BID;25070,75;25072,5
2025-12-19 05:56:09.232;25069,25;1;BID;25070,75;25072,5
2025-12-19 05:56:09.232;25069,5;2;BID;25070,75;25072,5
2025-12-19 05:56:09.232;25069,75;1;BID;25070,75;25072,5
2025-12-19 05:56:09.232;25069,75;2;BID;25070,75;25072,5
2025-12-19 05:56:09.232;25070,0;1;BID;25070,75;25072,5
2025-12-19 05:56:09.232;25070,0;2;BID;25070,75;25072,5
2025-12-19 05:56:09.232;25070,25;2;BID;25070,75;25072,5
2025-12-19 05:56:26.692;25075,5;1;BID;25075,25;25077,5
2025-12-19 05:56:26.692;25075,5;1;BID;25075,25;25077,5
2025-12-19 05:56:26.692;25075,5;1;BID;25075,25;25077,5
2025-12-19 05:57:03.832;25075,0;1;BID;25075,25;25076,75
2025-12-19 05:58:33.344;25071,25;1;ASK;25070,25;25072,0
2025-12-19 06:03:53.716;25059,5;1;ASK;25057,25;25059,75
2025-12-19 06:04:27.168;25052,75;1;BID;25052,25;25054,75
2025-12-19 06:06:41.616;25055,75;1;ASK;25053,25;25055,75
2025-12-19 06:06:41.616;25056,0;1;ASK;25053,25;25055,75
2025-12-19 06:06:51.948;25054,25;1;BID;25054,25;25056,75
2025-12-19 06:06:51.948;25054,25;1;BID;25054,25;25056,75
2025-12-19 06:08:58.488;25054,25;1;BID;25054,25;25056,25
2025-12-19 06:09:43.708;25054,25;1;ASK;25052,75;25054,25
2025-12-19 06:09:43.708;25054,25;4;ASK;25052,75;25054,25
2025-12-19 06:09:49.212;25054,25;1;BID;25053,75;25055,75
2025-12-19 06:10:02.036;25054,25;1;BID;25054,75;25057,25
2025-12-19 06:10:02.120;25054,0;1;BID;25054,75;25057,25
2025-12-19 06:11:18.416;25054,25;1;ASK;25052,75;25055,0
2025-12-19 06:16:13.052;25046,75;1;ASK;25045,25;25047,75
2025-12-19 06:16:13.160;25045,25;1;BID;25045,25;25047,75
2025-12-19 06:19:53.032;25055,0;1;ASK;25052,75;25055,5
2025-12-19 06:27:19.144;25052,0;1;BID;25052,25;25054,75
2025-12-19 06:29:18.776;25055,0;1;BID;25054,5;25057,0
2025-12-19 06:29:55.328;25061,0;1;BID;25061,25;25063,5
2025-12-19 06:29:55.328;25061,25;1;BID;25061,25;25063,5
2025-12-19 06:31:01.952;25059,25;1;BID;25059,5;25061,75
2025-12-19 06:40:32.880;25075,75;1;BID;25076,0;25078,25
2025-12-19 06:40:32.880;25075,75;1;BID;25076,0;25078,25
2025-12-19 06:43:01.172;25074,25;1;ASK;25071,5;25073,75
2025-12-19 06:48:45.336;25059,75;2;ASK;25057,75;25060,25
2025-12-19 06:48:45.472;25059,75;1;ASK;25057,75;25060,25
2025-12-19 06:49:35.608;25055,75;1;ASK;25053,75;25055,75
2025-12-19 06:52:29.428;25064,75;1;BID;25064,0;25066,25
2025-12-19 06:52:29.428;25064,75;1;BID;25064,0;25066,25
2025-12-19 06:52:39.304;25064,0;2;ASK;25062,75;25065,25
2025-12-19 06:52:39.304;25064,0;2;ASK;25062,75;25065,25
2025-12-19 06:52:39.304;25064,0;1;ASK;25062,75;25065,25
2025-12-19 06:53:09.768;25065,0;1;BID;25064,25;25066,75
2025-12-19 06:53:09.768;25065,25;1;BID;25064,25;25066,75
2025-12-19 06:53:09.768;25065,25;1;BID;25064,25;25066,75
2025-12-19 06:53:09.768;25065,5;1;ASK;25064,25;25066,75
2025-12-19 06:53:09.768;25065,5;1;ASK;25064,25;25066,75
2025-12-19 06:54:05.480;25063,5;4;ASK;25062,0;25064,5
2025-12-19 06:54:05.480;25063,5;1;ASK;25062,0;25064,5
2025-12-19 06:54:45.284;25061,0;1;ASK;25060,0;25060,75
2025-12-19 06:54:55.156;25060,0;1;BID;25060,0;25062,0
2025-12-19 06:55:36.360;25061,25;2;BID;25061,25;25063,5
2025-12-19 06:55:36.360;25061,25;2;BID;25061,25;25063,5
2025-12-19 06:55:58.924;25061,25;1;ASK;25060,25;25062,25
2025-12-19 06:56:33.080;25060,0;2;BID;25060,0;25061,75
2025-12-19 06:57:26.884;25060,75;2;BID;25060,75;25063,0
2025-12-19 06:57:32.216;25060,75;3;BID;25060,5;25062,75
2025-12-19 06:57:49.108;25060,0;1;BID;25060,0;25060,5
2025-12-19 06:57:50.364;25060,0;1;ASK;25058,25;25060,0
2025-12-19 07:00:56.312;25055,25;1;BID;25055,25;25057,75
2025-12-19 07:03:37.308;25055,5;4;BID;25054,5;25057,25
2025-12-19 07:03:37.308;25055,5;1;BID;25054,5;25057,25
2025-12-19 07:03:37.408;25053,75;1;BID;25054,5;25057,25
2025-12-19 07:12:49.748;25052,0;1;BID;25051,75;25053,5
2025-12-19 07:12:49.764;25051,75;2;BID;25051,75;25053,5
2025-12-19 07:12:49.764;25051,75;2;BID;25051,75;25053,5
2025-12-19 07:12:50.528;25051,75;1;ASK;25051,0;25052,0
2025-12-19 07:12:56.564;25051,0;1;ASK;25050,0;25052,0
2025-12-19 07:13:39.016;25050,0;1;ASK;25048,25;25050,5
2025-12-19 07:15:51.132;25050,0;1;ASK;25047,75;25050,0
2025-12-19 07:18:28.860;25054,5;1;ASK;25053,5;25054,5
2025-12-19 07:18:28.864;25054,5;1;ASK;25053,5;25054,5
2025-12-19 07:18:28.924;25054,5;1;ASK;25053,5;25054,5
2025-12-19 07:19:19.212;25054,5;1;ASK;25053,75;25054,75
2025-12-19 07:19:19.732;25054,5;1;ASK;25053,75;25054,75
2025-12-19 07:19:50.916;25054,75;1;ASK;25054,0;25054,75
2025-12-19 07:19:54.920;25054,75;4;ASK;25054,0;25055,0
2025-12-19 07:19:57.348;25055,0;1;ASK;25053,75;25055,0
2025-12-19 07:19:57.348;25055,0;1;ASK;25053,75;25055,0
2025-12-19 07:20:21.496;25055,0;1;ASK;25054,5;25055,0
2025-12-19 07:20:22.012;25055,0;2;ASK;25053,75;25055,75
2025-12-19 07:20:22.012;25055,25;4;ASK;25053,75;25055,75
2025-12-19 07:20:22.016;25055,25;1;ASK;25053,75;25055,75
2025-12-19 07:20:22.028;25055,5;1;ASK;25053,75;25055,75
2025-12-19 07:20:22.028;25055,5;3;ASK;25053,75;25055,75
2025-12-19 07:20:22.032;25055,5;1;ASK;25053,75;25055,75
2025-12-19 07:21:27.308;25055,75;1;ASK;25055,0;25056,0
2025-12-19 07:21:27.344;25055,75;2;ASK;25055,0;25056,0
2025-12-19 07:21:27.344;25055,75;1;ASK;25055,0;25056,0
2025-12-19 07:21:27.344;25055,75;1;ASK;25055,0;25056,0
2025-12-19 07:21:28.208;25056,0;2;ASK;25053,25;25056,0
2025-12-19 07:21:28.208;25056,0;1;ASK;25053,25;25056,0
2025-12-19 07:23:10.576;25056,0;1;ASK;25054,5;25056,0
2025-12-19 07:25:30.392;25056,0;1;ASK;25054,5;25056,25
2025-12-19 07:25:43.308;25056,25;2;ASK;25055,25;25057,25
2025-12-19 07:25:43.308;25056,25;1;ASK;25055,25;25057,25
2025-12-19 07:25:43.312;25056,25;1;ASK;25055,25;25057,25
2025-12-19 07:25:43.312;25056,25;1;ASK;25055,25;25057,25
2025-12-19 07:34:53.076;25052,25;1;ASK;25050,25;25053,0
2025-12-19 07:37:49.976;25042,25;1;BID;25041,5;25044,25
2025-12-19 07:38:52.312;25057,25;1;BID;25057,0;25059,25
2025-12-19 07:39:36.360;25059,25;1;ASK;25056,25;25059,25
2025-12-19 07:45:31.580;25037,5;1;ASK;25034,75;25037,5
2025-12-19 07:46:22.444;25032,25;1;BID;25032,25;25035,25
2025-12-19 07:47:19.264;25039,25;1;BID;25039,25;25042,25
2025-12-19 07:47:50.152;25039,25;1;ASK;25037,25;25040,25
2025-12-19 07:53:08.988;25054,0;1;ASK;25051,25;25054,25
2025-12-19 07:57:45.344;25057,25;1;BID;25057,25;25059,25
2025-12-19 07:57:45.344;25057,25;1;BID;25057,25;25059,25
2025-12-19 07:57:46.632;25057,0;1;BID;25057,5;25059,25
2025-12-19 08:00:02.284;25065,0;1;BID;25064,25;25068,5
2025-12-19 08:00:03.684;25064,25;1;BID;25064,0;25068,0
2025-12-19 08:00:19.908;25075,0;1;ASK;25073,25;25076,75
2025-12-19 08:00:42.332;25070,75;1;BID;25070,0;25072,25
2025-12-19 08:01:27.616;25075,0;1;BID;25074,5;25077,25
2025-12-19 08:01:31.728;25077,0;1;ASK;25073,75;25076,25
2025-12-19 08:01:34.448;25076,0;1;ASK;25074,25;25077,25
2025-12-19 08:01:34.448;25075,75;1;ASK;25074,25;25077,25
2025-12-19 08:01:43.060;25076,25;1;ASK;25074,25;25076,25
2025-12-19 08:01:43.060;25075,75;1;ASK;25074,25;25076,25
2025-12-19 08:01:43.068;25075,75;1;ASK;25074,25;25076,25
2025-12-19 08:02:09.872;25079,75;1;ASK;25078,5;25080,0
2025-12-19 08:02:11.412;25080,0;1;ASK;25078,75;25081,25
2025-12-19 08:02:11.412;25080,0;1;ASK;25078,75;25081,25
2025-12-19 08:03:10.156;25080,0;1;BID;25080,25;25083,0
2025-12-19 08:03:14.048;25083,0;1;BID;25082,25;25085,25
2025-12-19 08:03:32.936;25086,0;2;ASK;25084,75;25087,25
2025-12-19 08:03:43.472;25090,0;1;BID;25089,5;25091,75
2025-12-19 08:04:48.600;25095,25;1;BID;25095,0;25096,25
2025-12-19 08:04:51.840;25098,0;1;BID;25097,75;25099,0
2025-12-19 08:04:52.148;25099,0;1;BID;25098,5;25100,0
2025-12-19 08:05:00.160;25100,0;1;BID;25099,75;25101,0
2025-12-19 08:05:00.160;25100,0;1;BID;25099,75;25101,0
2025-12-19 08:05:00.160;25100,0;1;BID;25099,75;25101,0
2025-12-19 08:05:01.900;25101,0;2;ASK;25099,75;25101,0
2025-12-19 08:05:04.892;25101,0;1;BID;25100,5;25102,75
2025-12-19 08:05:06.904;25102,75;1;ASK;25100,5;25102,75
2025-12-19 08:05:16.920;25098,0;1;BID;25097,75;25100,0
2025-12-19 08:05:19.760;25098,0;1;ASK;25096,25;25098,5
2025-12-19 08:07:59.316;25105,25;1;BID;25104,75;25106,75
2025-12-19 08:08:11.028;25102,25;1;BID;25101,25;25103,75
2025-12-19 08:08:11.028;25102,5;1;ASK;25101,25;25103,75
2025-12-19 08:08:11.028;25102,5;1;ASK;25101,25;25103,75
2025-12-19 08:08:11.028;25102,75;1;ASK;25101,25;25103,75
2025-12-19 08:08:11.028;25103,0;1;ASK;25101,25;25103,75
2025-12-19 08:08:31.160;25108,25;1;BID;25108,25;25111,0
2025-12-19 08:09:15.236;25114,25;1;ASK;25112,25;25114,25
2025-12-19 08:09:15.236;25114,25;1;ASK;25112,25;25114,25
2025-12-19 08:09:15.236;25114,5;1;ASK;25112,25;25114,25
2025-12-19 08:09:15.236;25114,5;1;ASK;25112,25;25114,25
2025-12-19 08:09:15.236;25114,75;1;ASK;25112,25;25114,25
2025-12-19 08:09:15.236;25114,75;1;ASK;25112,25;25114,25
2025-12-19 08:09:15.236;25115,0;2;ASK;25112,25;25114,25
2025-12-19 08:09:15.236;25115,0;1;ASK;25112,25;25114,25
2025-12-19 08:09:15.236;25115,25;1;ASK;25112,25;25114,25
2025-12-19 08:09:15.236;25115,25;2;ASK;25112,25;25114,25
2025-12-19 08:09:15.236;25115,5;2;ASK;25112,25;25114,25
2025-12-19 08:09:15.236;25115,75;2;ASK;25112,25;25114,25
2025-12-19 08:09:15.236;25116,0;2;ASK;25112,25;25114,25
2025-12-19 08:09:15.236;25116,25;1;ASK;25112,25;25114,25
2025-12-19 08:09:15.236;25116,25;1;ASK;25112,25;25114,25
2025-12-19 08:09:15.264;25114,25;1;ASK;25112,25;25114,25
2025-12-19 08:09:51.740;25112,25;1;BID;25111,25;25113,5
2025-12-19 08:10:01.104;25113,75;1;ASK;25112,25;25113,75
2025-12-19 08:10:01.108;25113,75;1;ASK;25112,25;25113,75
2025-12-19 08:10:02.340;25113,75;4;BID;25114,25;25116,75
2025-12-19 08:10:05.316;25114,25;1;ASK;25112,25;25114,5
2025-12-19 08:11:16.708;25117,0;1;BID;25115,75;25118,5
2025-12-19 08:11:20.544;25118,75;1;ASK;25117,5;25120,0
2025-12-19 08:11:24.464;25120,0;1;BID;25120,25;25122,25
2025-12-19 08:11:55.348;25125,0;1;BID;25124,75;25126,5
2025-12-19 08:12:13.640;25123,75;1;ASK;25121,75;25123,75
2025-12-19 08:13:04.220;25121,0;1;BID;25123,25;25125,5
2025-12-19 08:13:04.220;25121,25;1;BID;25123,25;25125,5
2025-12-19 08:13:04.220;25121,25;1;BID;25123,25;25125,5
2025-12-19 08:13:04.220;25121,25;1;BID;25123,25;25125,5
2025-12-19 08:13:04.220;25121,5;2;BID;25123,25;25125,5
2025-12-19 08:13:04.220;25121,5;1;BID;25123,25;25125,5
2025-12-19 08:13:04.220;25121,75;1;BID;25123,25;25125,5
2025-12-19 08:13:04.220;25121,75;1;BID;25123,25;25125,5
2025-12-19 08:13:27.628;25124,75;1;BID;25124,25;25126,5
2025-12-19 08:13:48.096;25126,5;3;ASK;25124,25;25126,5
2025-12-19 08:13:48.096;25126,5;1;ASK;25124,25;25126,5
2025-12-19 08:13:59.152;25126,0;1;ASK;25124,0;25126,25
2025-12-19 08:14:02.484;25126,5;1;ASK;25125,0;25127,75
2025-12-19 08:14:02.484;25126,5;1;ASK;25125,0;25127,75
2025-12-19 08:14:02.484;25126,5;1;ASK;25125,0;25127,75
2025-12-19 08:14:02.484;25127,5;1;ASK;25125,0;25127,75
2025-12-19 08:14:06.280;25128,25;1;BID;25130,5;25133,0
2025-12-19 08:14:06.280;25128,25;1;BID;25130,5;25133,0
2025-12-19 08:14:06.280;25128,5;1;BID;25130,5;25133,0
2025-12-19 08:14:06.280;25128,5;1;BID;25130,5;25133,0
2025-12-19 08:14:06.280;25128,5;1;BID;25130,5;25133,0
2025-12-19 08:14:06.280;25128,75;1;BID;25130,5;25133,0
2025-12-19 08:14:06.280;25128,75;2;BID;25130,5;25133,0
2025-12-19 08:14:06.280;25128,75;1;BID;25130,5;25133,0
2025-12-19 08:14:06.280;25129,0;2;BID;25130,5;25133,0
2025-12-19 08:14:06.280;25129,25;1;BID;25130,5;25133,0
2025-12-19 08:14:06.280;25129,25;2;BID;25130,5;25133,0
2025-12-19 08:14:06.280;25129,5;2;BID;25130,5;25133,0
2025-12-19 08:14:06.280;25129,75;2;BID;25130,5;25133,0
2025-12-19 08:14:06.280;25130,0;2;BID;25130,5;25133,0
2025-12-19 08:14:06.280;25130,25;2;BID;25130,5;25133,0
2025-12-19 08:14:06.280;25130,25;1;BID;25130,5;25133,0
2025-12-19 08:14:06.280;25131,0;1;BID;25130,5;25133,0
2025-12-19 08:14:06.280;25131,25;1;BID;25130,5;25133,0
2025-12-19 08:14:06.280;25131,25;1;BID;25130,5;25133,0
2025-12-19 08:14:06.280;25131,75;5;ASK;25130,5;25133,0
2025-12-19 08:14:06.280;25132,0;2;ASK;25130,5;25133,0
2025-12-19 08:14:06.280;25132,25;1;ASK;25130,5;25133,0
2025-12-19 08:14:06.280;25132,5;1;ASK;25130,5;25133,0
2025-12-19 08:14:06.280;25133,25;1;ASK;25130,5;25133,0
2025-12-19 08:14:06.280;25133,75;4;ASK;25130,5;25133,0
2025-12-19 08:14:06.280;25130,25;1;BID;25130,5;25133,0
2025-12-19 08:14:06.280;25129,25;1;BID;25130,5;25133,0
2025-12-19 08:14:06.296;25131,25;1;BID;25130,5;25133,0
2025-12-19 08:14:06.304;25132,25;1;ASK;25130,5;25133,0
2025-12-19 08:14:06.912;25131,25;1;BID;25130,5;25133,0
2025-12-19 08:14:12.956;25131,25;1;ASK;25129,75;25130,0
2025-12-19 08:14:12.956;25130,5;1;ASK;25129,75;25130,0
2025-12-19 08:14:12.956;25130,25;1;ASK;25129,75;25130,0
2025-12-19 08:14:12.956;25130,25;2;ASK;25129,75;25130,0
2025-12-19 08:14:12.956;25130,25;1;ASK;25129,75;25130,0
2025-12-19 08:14:12.956;25130,25;1;ASK;25129,75;25130,0
2025-12-19 08:14:12.956;25130,0;2;ASK;25129,75;25130,0
2025-12-19 08:14:12.956;25130,0;1;ASK;25129,75;25130,0
2025-12-19 08:14:12.960;25130,0;4;ASK;25129,75;25130,0
2025-12-19 08:14:12.960;25130,0;2;ASK;25129,75;25130,0
2025-12-19 08:14:12.960;25130,0;1;ASK;25129,75;25130,0
2025-12-19 08:14:12.960;25130,0;1;ASK;25129,75;25130,0
2025-12-19 08:14:51.660;25130,25;1;ASK;25127,5;25130,25
2025-12-19 08:16:22.944;25132,0;1;ASK;25130,5;25132,0
2025-12-19 08:16:39.504;25132,0;1;ASK;25131,25;25132,0
2025-12-19 08:16:39.516;25132,0;2;ASK;25131,25;25132,0
2025-12-19 08:16:41.444;25132,0;4;BID;25131,5;25134,25
2025-12-19 08:16:41.444;25132,0;2;BID;25131,5;25134,25
2025-12-19 08:16:41.444;25132,0;1;BID;25131,5;25134,25
2025-12-19 08:16:41.448;25132,0;1;BID;25131,5;25134,25
2025-12-19 08:16:52.540;25131,25;1;BID;25131,0;25133,25
2025-12-19 08:17:10.132;25132,75;1;BID;25132,25;25134,0
2025-12-19 08:17:10.132;25132,75;1;BID;25132,25;25134,0
2025-12-19 08:17:10.136;25132,5;1;BID;25132,25;25134,0
2025-12-19 08:17:10.136;25132,5;1;BID;25132,25;25134,0
2025-12-19 08:17:10.140;25132,25;1;BID;25132,25;25134,0
2025-12-19 08:17:23.900;25133,5;1;ASK;25132,25;25134,25
2025-12-19 08:17:55.572;25127,75;2;BID;25127,75;25129,25
2025-12-19 08:17:55.992;25127,75;2;BID;25127,75;25129,25
2025-12-19 08:17:58.000;25127,75;1;ASK;25125,25;25128,0
2025-12-19 08:18:08.400;25127,0;1;BID;25126,25;25129,0
2025-12-19 08:18:19.628;25125,5;1;ASK;25123,5;25126,25
2025-12-19 08:18:24.964;25125,75;1;BID;25125,75;25127,75
2025-12-19 08:18:28.316;25125,75;2;BID;25124,5;25127,25
2025-12-19 08:18:28.328;25125,75;1;BID;25124,5;25127,25
2025-12-19 08:18:28.332;25125,75;1;BID;25124,5;25127,25
2025-12-19 08:18:43.488;25122,0;1;BID;25122,0;25125,0
2025-12-19 08:18:53.884;25126,25;1;BID;25125,25;25128,75
2025-12-19 08:18:57.708;25126,25;1;BID;25125,5;25127,75
2025-12-19 08:20:56.656;25119,25;1;ASK;25116,5;25118,75
2025-12-19 08:22:35.880;25114,25;1;BID;25116,25;25118,25
2025-12-19 08:22:35.880;25114,75;1;BID;25116,25;25118,25
2025-12-19 08:22:35.880;25115,0;1;BID;25116,25;25118,25
2025-12-19 08:22:35.880;25115,0;4;BID;25116,25;25118,25
2025-12-19 08:22:35.880;25115,0;2;BID;25116,25;25118,25
2025-12-19 08:22:35.880;25115,25;1;BID;25116,25;25118,25
2025-12-19 08:23:26.348;25115,0;4;BID;25115,0;25116,0
2025-12-19 08:23:39.176;25116,0;5;BID;25116,25;25118,25
2025-12-19 08:23:39.176;25117,5;1;ASK;25116,25;25118,25
2025-12-19 08:26:24.296;25118,0;1;BID;25118,0;25119,75
2025-12-19 08:26:29.260;25118,0;3;BID;25118,25;25121,0
2025-12-19 08:26:29.260;25118,0;2;BID;25118,25;25121,0
2025-12-19 08:26:35.336;25121,0;1;BID;25120,5;25123,25
2025-12-19 08:27:24.900;25116,0;1;ASK;25111,75;25114,25
2025-12-19 08:28:19.212;25116,0;1;ASK;25113,75;25116,25
2025-12-19 08:28:21.172;25116,25;1;ASK;25114,25;25117,25
2025-12-19 08:28:21.172;25116,25;1;ASK;25114,25;25117,25
2025-12-19 08:28:45.212;25118,0;2;BID;25118,25;25120,75
2025-12-19 08:28:45.212;25118,0;1;BID;25118,25;25120,75
2025-12-19 08:28:45.212;25118,0;3;BID;25118,25;25120,75
2025-12-19 08:29:03.100;25117,75;1;BID;25119,25;25122,0
2025-12-19 08:29:03.100;25118,0;1;BID;25119,25;25122,0
2025-12-19 08:29:03.104;25118,0;3;BID;25119,25;25122,0
2025-12-19 08:29:03.104;25118,0;1;BID;25119,25;25122,0
2025-12-19 08:29:17.532;25120,0;2;ASK;25118,25;25120,5
2025-12-19 08:34:30.456;25109,5;1;ASK;25106,5;25108,75
2025-12-19 08:34:30.456;25109,25;1;ASK;25106,5;25108,75
2025-12-19 08:34:58.948;25105,5;1;BID;25105,25;25108,25
2025-12-19 08:35:16.720;25109,25;1;BID;25109,25;25111,5
2025-12-19 08:38:34.524;25105,25;1;ASK;25103,5;25106,25
2025-12-19 08:38:34.524;25105,0;1;ASK;25103,5;25106,25
2025-12-19 08:38:34.524;25104,75;1;BID;25103,5;25106,25
2025-12-19 08:38:34.524;25104,5;2;BID;25103,5;25106,25
2025-12-19 08:38:34.524;25104,5;1;BID;25103,5;25106,25
2025-12-19 08:38:34.524;25104,25;1;BID;25103,5;25106,25
2025-12-19 08:38:34.524;25104,25;1;BID;25103,5;25106,25
2025-12-19 08:38:34.524;25104,25;2;BID;25103,5;25106,25
2025-12-19 08:38:34.524;25104,0;2;BID;25103,5;25106,25
2025-12-19 08:38:34.524;25103,75;2;BID;25103,5;25106,25
2025-12-19 08:38:34.524;25103,5;1;BID;25103,5;25106,25
2025-12-19 08:38:34.524;25103,5;2;BID;25103,5;25106,25
2025-12-19 08:38:34.524;25103,25;1;BID;25103,5;25106,25
2025-12-19 08:38:34.524;25103,25;1;BID;25103,5;25106,25
2025-12-19 08:38:34.524;25103,25;2;BID;25103,5;25106,25
2025-12-19 08:38:34.524;25103,0;2;BID;25103,5;25106,25
2025-12-19 08:38:34.524;25103,0;1;BID;25103,5;25106,25
2025-12-19 08:38:34.524;25102,5;1;BID;25103,5;25106,25
2025-12-19 08:38:34.524;25104,25;1;BID;25103,5;25106,25
2025-12-19 08:38:41.860;25107,25;1;ASK;25105,25;25108,0
2025-12-19 08:38:41.860;25107,5;1;ASK;25105,25;25108,0
2025-12-19 08:44:40.880;25102,0;1;ASK;25099,25;25102,25
2025-12-19 08:46:24.196;25090,0;1;ASK;25088,0;25091,5
2025-12-19 08:49:20.800;25094,75;1;ASK;25092,0;25095,0
2025-12-19 08:49:36.224;25091,75;1;ASK;25091,0;25091,75
2025-12-19 08:49:36.224;25091,75;1;ASK;25091,0;25091,75
2025-12-19 08:49:37.348;25091,75;1;ASK;25090,5;25091,75
2025-12-19 08:49:37.356;25091,75;1;ASK;25090,5;25091,75
2025-12-19 08:49:37.832;25091,75;1;ASK;25090,5;25091,75
2025-12-19 08:49:40.000;25091,75;1;ASK;25090,25;25091,75
2025-12-19 08:49:40.000;25091,75;2;ASK;25090,25;25091,75
2025-12-19 08:49:40.000;25091,75;1;ASK;25090,25;25091,75
2025-12-19 08:49:49.268;25091,75;2;ASK;25090,25;25093,0
2025-12-19 08:52:58.784;25098,25;1;BID;25098,5;25101,25
2025-12-19 08:52:58.784;25098,25;1;BID;25098,5;25101,25
2025-12-19 08:53:58.228;25104,25;1;ASK;25101,25;25104,25
2025-12-19 08:54:34.940;25103,25;1;BID;25102,5;25105,25
2025-12-19 08:54:40.924;25102,0;1;ASK;25100,0;25102,25
2025-12-19 08:59:54.404;25112,5;1;BID;25112,0;25114,25
2025-12-19 08:59:54.404;25112,25;1;BID;25112,0;25114,25
2025-12-19 09:01:55.812;25123,75;1;BID;25122,75;25125,25
2025-12-19 09:02:03.256;25126,25;1;ASK;25124,5;25126,25
2025-12-19 09:02:30.384;25135,0;1;ASK;25132,75;25135,25
2025-12-19 09:02:45.952;25139,0;1;ASK;25137,75;25140,25
2025-12-19 09:03:01.596;25134,25;1;ASK;25132,75;25135,25
2025-12-19 09:03:57.952;25141,0;1;BID;25140,75;25142,0
2025-12-19 09:04:00.328;25141,25;1;ASK;25138,75;25141,25
2025-12-19 09:05:35.516;25129,25;1;BID;25128,5;25131,0
2025-12-19 09:05:36.148;25131,25;1;ASK;25127,75;25130,25
2025-12-19 09:05:36.148;25131,25;1;ASK;25127,75;25130,25
2025-12-19 09:06:13.616;25135,0;1;ASK;25132,25;25134,75
2025-12-19 09:06:13.616;25135,0;1;ASK;25132,25;25134,75
2025-12-19 09:09:01.288;25130,25;1;ASK;25123,0;25124,25
2025-12-19 09:09:01.288;25127,5;1;ASK;25123,0;25124,25
2025-12-19 09:09:01.288;25127,25;1;ASK;25123,0;25124,25
2025-12-19 09:09:01.288;25127,25;1;ASK;25123,0;25124,25
2025-12-19 09:09:01.288;25127,25;1;ASK;25123,0;25124,25
2025-12-19 09:09:01.288;25127,25;1;ASK;25123,0;25124,25
2025-12-19 09:09:01.288;25127,0;2;ASK;25123,0;25124,25
2025-12-19 09:09:01.288;25127,0;1;ASK;25123,0;25124,25
2025-12-19 09:09:01.288;25126,75;2;ASK;25123,0;25124,25
2025-12-19 09:09:01.288;25126,75;1;ASK;25123,0;25124,25
2025-12-19 09:09:01.288;25126,5;2;ASK;25123,0;25124,25
2025-12-19 09:09:01.288;25126,25;1;ASK;25123,0;25124,25
2025-12-19 09:09:01.288;25126,25;1;ASK;25123,0;25124,25
2025-12-19 09:09:01.288;25126,25;2;ASK;25123,0;25124,25
2025-12-19 09:09:01.288;25126,0;1;ASK;25123,0;25124,25
2025-12-19 09:09:01.288;25126,0;2;ASK;25123,0;25124,25
2025-12-19 09:09:01.288;25125,75;2;ASK;25123,0;25124,25
2025-12-19 09:09:01.288;25125,75;1;ASK;25123,0;25124,25
2025-12-19 09:09:01.288;25125,5;2;ASK;25123,0;25124,25
2025-12-19 09:09:01.288;25125,25;1;ASK;25123,0;25124,25
2025-12-19 09:09:01.288;25125,0;1;ASK;25123,0;25124,25
2025-12-19 09:09:01.288;25125,0;1;ASK;25123,0;25124,25
2025-12-19 09:09:01.288;25124,75;1;ASK;25123,0;25124,25
2025-12-19 09:09:01.288;25124,25;1;ASK;25123,0;25124,25
2025-12-19 09:09:01.288;25124,25;2;ASK;25123,0;25124,25
2025-12-19 09:09:01.288;25123,75;1;ASK;25123,0;25124,25
2025-12-19 09:09:01.288;25123,25;1;BID;25123,0;25124,25
2025-12-19 09:09:01.288;25123,0;5;BID;25123,0;25124,25
2025-12-19 09:09:01.288;25122,5;1;BID;25123,0;25124,25
2025-12-19 09:09:01.288;25122,25;1;BID;25123,0;25124,25
2025-12-19 09:09:01.288;25121,75;1;BID;25123,0;25124,25
2025-12-19 09:09:01.288;25121,75;2;BID;25123,0;25124,25
2025-12-19 09:09:01.288;25121,25;1;BID;25123,0;25124,25
2025-12-19 09:09:01.288;25121,0;15;BID;25123,0;25124,25
2025-12-19 09:09:01.356;25123,25;1;BID;25123,0;25124,25
2025-12-19 09:09:01.836;25123,25;1;BID;25123,0;25124,25
2025-12-19 09:09:02.760;25123,25;1;ASK;25122,25;25123,25
2025-12-19 09:09:05.528;25125,25;1;ASK;25123,0;25125,25
2025-12-19 09:09:19.252;25119,5;1;ASK;25118,0;25119,25
2025-12-19 09:10:08.456;25122,25;1;BID;25122,0;25124,25
2025-12-19 09:11:14.808;25129,25;1;BID;25129,25;25131,75
2025-12-19 09:11:14.808;25130,0;1;BID;25129,25;25131,75
2025-12-19 09:11:14.808;25130,25;1;BID;25129,25;25131,75
2025-12-19 09:11:14.808;25130,25;1;BID;25129,25;25131,75
2025-12-19 09:11:14.808;25130,25;1;BID;25129,25;25131,75
2025-12-19 09:12:03.068;25131,5;1;ASK;25128,0;25130,25
2025-12-19 09:12:03.696;25128,25;1;BID;25128,0;25130,25
2025-12-19 09:13:39.272;25127,75;1;BID;25127,25;25130,25
2025-12-19 09:13:39.272;25127,5;1;BID;25127,25;25130,25
2025-12-19 09:15:24.568;25133,5;3;BID;25132,5;25135,25
2025-12-19 09:15:47.648;25133,75;1;ASK;25130,75;25133,75
2025-12-19 09:15:47.648;25133,75;1;ASK;25130,75;25133,75
2025-12-19 09:16:28.696;25133,75;1;BID;25133,0;25135,25
2025-12-19 09:17:20.120;25136,0;1;BID;25135,25;25138,25
2025-12-19 09:18:00.988;25142,0;1;BID;25141,25;25144,0
2025-12-19 09:18:01.924;25143,5;1;ASK;25140,75;25143,5
2025-12-19 09:18:18.140;25137,0;1;BID;25136,25;25138,0
2025-12-19 09:18:18.140;25136,75;2;BID;25136,25;25138,0
2025-12-19 09:18:42.032;25139,5;1;ASK;25138,25;25139,75
2025-12-19 09:19:21.136;25142,0;1;ASK;25140,25;25142,75
2025-12-19 09:20:05.784;25134,75;1;ASK;25133,5;25135,25
2025-12-19 09:21:16.976;25136,5;1;ASK;25134,0;25136,75
2025-12-19 09:21:31.636;25136,0;2;ASK;25133,75;25136,5
2025-12-19 09:23:00.620;25136,5;1;ASK;25133,25;25135,25
2025-12-19 09:23:00.620;25136,5;1;ASK;25133,25;25135,25
2025-12-19 09:24:51.624;25127,75;1;ASK;25124,75;25127,5
2025-12-19 09:24:51.624;25128,0;2;ASK;25124,75;25127,5
2025-12-19 09:25:40.192;25116,25;1;ASK;25114,25;25117,25
2025-12-19 09:26:14.436;25116,5;1;ASK;25114,25;25117,0
2025-12-19 09:26:35.096;25121,5;1;BID;25120,75;25123,25
2025-12-19 09:26:36.352;25122,25;1;ASK;25120,25;25123,25
2025-12-19 09:26:36.352;25122,25;1;ASK;25120,25;25123,25
2025-12-19 09:27:08.364;25124,75;1;ASK;25123,25;25125,5
2025-12-19 09:27:08.364;25125,75;1;ASK;25123,25;25125,5
2025-12-19 09:27:08.364;25126,0;1;ASK;25123,25;25125,5
2025-12-19 09:27:08.364;25126,25;1;ASK;25123,25;25125,5
2025-12-19 09:27:08.364;25126,25;1;ASK;25123,25;25125,5
2025-12-19 09:27:43.704;25122,25;1;ASK;25120,25;25123,0
2025-12-19 09:29:55.816;25110,0;1;ASK;25108,75;25110,75
2025-12-19 09:29:55.816;25110,0;1;ASK;25108,75;25110,75
2025-12-19 09:31:26.624;25117,25;1;ASK;25115,75;25118,0
2025-12-19 09:31:29.592;25114,25;1;BID;25114,25;25116,75
2025-12-19 09:31:52.280;25118,75;1;ASK;25117,25;25119,75
2025-12-19 09:31:52.280;25118,75;1;ASK;25117,25;25119,75
2025-12-19 09:31:52.280;25119,25;1;ASK;25117,25;25119,75
2025-12-19 09:32:04.892;25121,75;1;ASK;25120,25;25121,75
2025-12-19 09:34:47.824;25124,75;1;BID;25124,75;25127,25
2025-12-19 09:34:58.756;25129,25;1;BID;25128,75;25131,75
2025-12-19 09:35:12.336;25130,0;1;BID;25129,25;25132,25
2025-12-19 09:35:49.632;25132,5;4;ASK;25130,75;25133,5
2025-12-19 09:35:49.636;25132,5;1;ASK;25130,75;25133,5
2025-12-19 09:37:05.360;25134,75;1;BID;25133,75;25136,75
2025-12-19 09:41:39.164;25138,5;1;ASK;25136,25;25139,0
2025-12-19 09:42:32.108;25139,5;4;BID;25139,5;25141,25
2025-12-19 09:43:07.576;25143,75;4;ASK;25142,75;25144,75
2025-12-19 09:46:05.996;25142,75;1;ASK;25142,0;25142,75
2025-12-19 09:46:08.944;25142,75;1;ASK;25141,25;25142,75
2025-12-19 09:46:12.200;25142,75;1;BID;25142,75;25144,75
2025-12-19 09:46:12.204;25142,75;1;BID;25142,75;25144,75
2025-12-19 09:46:12.204;25142,75;1;BID;25142,75;25144,75
2025-12-19 09:47:06.448;25144,25;1;ASK;25141,5;25144,75
2025-12-19 09:47:31.552;25144,75;1;BID;25147,25;25149,0
2025-12-19 09:47:31.552;25145,0;1;BID;25147,25;25149,0
2025-12-19 09:47:33.548;25149,0;1;ASK;25147,75;25150,0
2025-12-19 09:48:04.292;25147,25;1;ASK;25144,75;25147,75
2025-12-19 09:51:29.476;25145,5;1;BID;25145,25;25147,25
2025-12-19 09:51:29.476;25145,75;1;BID;25145,25;25147,25
2025-12-19 09:51:29.476;25145,75;1;BID;25145,25;25147,25
2025-12-19 09:51:29.476;25146,0;1;BID;25145,25;25147,25
2025-12-19 09:51:29.476;25146,0;1;BID;25145,25;25147,25
2025-12-19 09:51:29.476;25146,25;1;ASK;25145,25;25147,25
2025-12-19 09:51:29.476;25146,25;1;ASK;25145,25;25147,25
2025-12-19 09:51:29.476;25146,5;1;ASK;25145,25;25147,25
2025-12-19 09:51:29.476;25146,75;1;ASK;25145,25;25147,25
2025-12-19 09:51:29.476;25147,0;1;ASK;25145,25;25147,25
2025-12-19 09:53:18.736;25149,25;1;BID;25150,75;25153,5
2025-12-19 09:53:18.736;25149,25;1;BID;25150,75;25153,5
2025-12-19 09:53:18.736;25149,5;1;BID;25150,75;25153,5
2025-12-19 09:53:18.736;25149,5;1;BID;25150,75;25153,5
2025-12-19 09:53:18.736;25149,5;1;BID;25150,75;25153,5
2025-12-19 09:53:18.736;25149,75;1;BID;25150,75;25153,5
2025-12-19 09:53:18.740;25150,0;5;BID;25150,75;25153,5
2025-12-19 09:53:18.740;25150,0;1;BID;25150,75;25153,5
2025-12-19 09:53:18.740;25150,0;1;BID;25150,75;25153,5
2025-12-19 09:53:18.740;25150,0;1;BID;25150,75;25153,5
2025-12-19 09:53:18.740;25150,75;1;BID;25150,75;25153,5
2025-12-19 09:53:18.740;25151,0;1;BID;25150,75;25153,5
2025-12-19 09:53:18.760;25152,0;2;BID;25150,75;25153,5
2025-12-19 09:53:55.456;25153,25;1;ASK;25151,75;25154,0
2025-12-19 09:55:27.164;25152,5;1;ASK;25150,25;25153,25
2025-12-19 09:55:41.412;25148,75;1;BID;25148,75;25151,25
2025-12-19 09:55:54.172;25151,5;1;ASK;25149,5;25151,75
2025-12-19 09:56:22.772;25150,0;2;BID;25150,0;25151,5
2025-12-19 09:56:30.276;25150,0;3;ASK;25148,75;25151,25
2025-12-19 09:56:46.904;25148,75;1;BID;25147,5;25150,25
2025-12-19 10:00:05.180;25136,75;1;BID;25135,5;25138,25
2025-12-19 10:00:05.180;25136,75;1;BID;25135,5;25138,25
2025-12-19 10:00:15.032;25136,75;1;BID;25135,5;25138,25
2025-12-19 10:00:15.032;25137,5;1;ASK;25135,5;25138,25
2025-12-19 10:00:27.384;25132,25;1;ASK;25130,75;25133,5
2025-12-19 10:01:42.208;25137,25;1;ASK;25134,25;25136,75
2025-12-19 10:02:18.916;25137,25;1;ASK;25135,25;25137,25
2025-12-19 10:03:14.960;25129,5;1;ASK;25128,25;25130,75
2025-12-19 10:03:38.604;25125,0;1;ASK;25123,25;25125,75
2025-12-19 10:03:40.112;25123,0;2;BID;25121,75;25124,75
2025-12-19 10:03:40.112;25123,0;1;BID;25121,75;25124,75
2025-12-19 10:04:31.968;25139,5;1;BID;25138,25;25141,0
2025-12-19 10:05:26.740;25149,25;1;BID;25147,75;25151,25
2025-12-19 10:05:26.740;25149,0;1;BID;25147,75;25151,25
2025-12-19 10:05:26.740;25149,0;1;BID;25147,75;25151,25
2025-12-19 10:05:26.740;25148,75;1;BID;25147,75;25151,25
2025-12-19 10:05:26.740;25148,75;1;BID;25147,75;25151,25
2025-12-19 10:05:26.740;25148,75;1;BID;25147,75;25151,25
2025-12-19 10:05:44.092;25150,25;1;ASK;25148,75;25151,75
2025-12-19 10:05:44.092;25150,75;1;ASK;25148,75;25151,75
2025-12-19 10:05:44.092;25151,0;1;ASK;25148,75;25151,75
2025-12-19 10:05:44.092;25151,0;1;ASK;25148,75;25151,75
2025-12-19 10:06:08.252;25151,75;1;ASK;25151,0;25151,75
2025-12-19 10:06:09.552;25151,75;1;BID;25151,0;25154,0
2025-12-19 10:06:09.552;25151,75;1;BID;25151,0;25154,0
2025-12-19 10:07:00.180;25145,0;1;ASK;25141,5;25144,25
2025-12-19 10:09:50.892;25142,5;1;BID;25142,25;25145,0
2025-12-19 10:09:51.052;25145,0;1;ASK;25142,75;25145,75
2025-12-19 10:10:32.244;25146,25;1;ASK;25144,25;25146,5
2025-12-19 10:12:11.932;25136,25;1;ASK;25134,25;25137,0
2025-12-19 10:12:12.400;25137,0;1;ASK;25134,5;25137,0
2025-12-19 10:12:12.400;25137,0;1;ASK;25134,5;25137,0
2025-12-19 10:12:12.400;25137,25;1;ASK;25134,5;25137,0
2025-12-19 10:12:12.400;25137,25;1;ASK;25134,5;25137,0
2025-12-19 10:13:57.720;25136,25;1;BID;25136,25;25139,5
2025-12-19 10:13:57.720;25136,25;1;BID;25136,25;25139,5
2025-12-19 10:14:23.632;25132,25;1;ASK;25128,75;25131,5
2025-12-19 10:14:23.864;25130,0;1;BID;25128,75;25131,5
2025-12-19 10:14:43.056;25130,25;1;BID;25130,5;25133,25
2025-12-19 10:15:21.080;25133,25;2;ASK;25131,75;25134,0
2025-12-19 10:15:54.692;25135,75;1;BID;25135,25;25138,25
2025-12-19 10:16:21.992;25127,5;1;ASK;25124,25;25127,0
2025-12-19 10:16:37.136;25130,25;1;ASK;25128,25;25130,75
2025-12-19 10:17:13.480;25132,25;1;BID;25132,25;25135,75
2025-12-19 10:18:53.696;25136,25;1;ASK;25134,25;25137,0
2025-12-19 10:19:52.352;25136,5;1;BID;25136,5;25139,5
2025-12-19 10:19:53.612;25137,25;1;BID;25136,25;25139,25
2025-12-19 10:20:14.220;25140,5;1;BID;25140,5;25142,5
2025-12-19 10:20:19.456;25142,5;1;ASK;25141,0;25142,5
2025-12-19 10:20:19.456;25142,75;1;ASK;25141,0;25142,5
2025-12-19 10:20:37.888;25140,25;1;BID;25139,75;25142,25
2025-12-19 10:21:16.032;25143,0;1;BID;25143,5;25146,25
2025-12-19 10:21:16.564;25144,75;1;BID;25143,5;25146,25
2025-12-19 10:21:28.592;25144,5;1;BID;25144,25;25147,0
2025-12-19 10:21:29.576;25144,25;1;BID;25146,25;25149,5
2025-12-19 10:21:29.576;25144,25;1;BID;25146,25;25149,5
2025-12-19 10:21:53.488;25150,0;1;BID;25149,25;25152,0
2025-12-19 10:22:43.168;25148,25;1;BID;25147,0;25149,75
2025-12-19 10:23:10.560;25147,75;1;BID;25147,75;25150,25
2025-12-19 10:23:10.560;25147,5;1;BID;25147,75;25150,25
2025-12-19 10:23:31.112;25149,75;1;ASK;25147,25;25150,0
2025-12-19 10:24:59.668;25150,25;1;ASK;25148,5;25150,75
2025-12-19 10:25:30.148;25153,75;1;ASK;25152,5;25154,25
2025-12-19 10:25:36.500;25152,5;4;BID;25151,75;25153,5
2025-12-19 10:25:36.500;25152,5;1;BID;25151,75;25153,5
2025-12-19 10:25:38.736;25152,75;1;BID;25152,25;25154,25
2025-12-19 10:25:38.736;25152,75;1;BID;25152,25;25154,25
2025-12-19 10:25:38.736;25152,75;3;BID;25152,25;25154,25
2025-12-19 10:25:48.116;25152,25;1;BID;25151,25;25153,5
2025-12-19 10:25:48.116;25152,25;1;BID;25151,25;25153,5
2025-12-19 10:25:48.116;25152,25;1;BID;25151,25;25153,5
2025-12-19 10:25:48.116;25152,0;1;BID;25151,25;25153,5
2025-12-19 10:25:48.116;25151,75;5;BID;25151,25;25153,5
2025-12-19 10:25:48.116;25151,75;1;BID;25151,25;25153,5
2025-12-19 10:25:48.116;25151,75;1;BID;25151,25;25153,5
2025-12-19 10:25:48.116;25151,75;2;BID;25151,25;25153,5
2025-12-19 10:25:55.200;25152,75;1;ASK;25150,75;25153,25
2025-12-19 10:26:14.548;25154,75;1;BID;25154,25;25156,0
2025-12-19 10:26:14.548;25154,75;1;BID;25154,25;25156,0
2025-12-19 10:26:46.568;25154,25;1;ASK;25153,0;25155,25
2025-12-19 10:27:36.656;25156,0;1;ASK;25153,75;25156,25
2025-12-19 10:28:42.576;25158,5;1;ASK;25156,25;25158,5
2025-12-19 10:28:48.604;25158,5;1;ASK;25157,25;25158,0
2025-12-19 10:28:50.576;25157,25;1;BID;25156,25;25158,5
2025-12-19 10:30:01.488;25156,0;1;ASK;25155,0;25156,25
2025-12-19 10:30:01.488;25156,0;1;ASK;25155,0;25156,25
2025-12-19 10:30:03.376;25155,0;2;BID;25154,0;25156,25
2025-12-19 10:30:03.376;25155,0;3;BID;25154,0;25156,25
2025-12-19 10:30:16.428;25153,5;1;BID;25153,25;25155,5
2025-12-19 10:31:26.552;25152,75;1;BID;25152,25;25154,25
2025-12-19 10:31:34.340;25159,0;1;ASK;25155,25;25157,5
2025-12-19 10:31:52.736;25159,5;1;ASK;25157,75;25160,0
2025-12-19 10:32:07.360;25160,0;1;ASK;25158,0;25160,5
2025-12-19 10:34:25.532;25145,25;1;ASK;25142,75;25145,5
2025-12-19 10:35:47.360;25148,0;1;ASK;25145,75;25148,5
2025-12-19 10:35:55.044;25148,5;1;ASK;25146,0;25148,5
2025-12-19 10:37:00.048;25148,5;1;BID;25147,5;25150,25
2025-12-19 10:37:50.692;25151,75;1;ASK;25149,5;25152,0
2025-12-19 10:37:53.300;25152,0;1;ASK;25150,25;25152,75
2025-12-19 10:40:05.504;25152,0;1;ASK;25149,25;25152,0
2025-12-19 10:40:05.504;25152,0;1;ASK;25149,25;25152,0
2025-12-19 10:40:32.640;25146,0;3;ASK;25143,0;25145,75
2025-12-19 10:43:08.760;25142,75;1;ASK;25141,25;25143,25
2025-12-19 10:44:00.784;25146,0;1;ASK;25144,25;25146,25
2025-12-19 10:44:51.520;25144,75;2;ASK;25143,5;25146,0
2025-12-19 10:44:51.548;25144,75;1;ASK;25143,5;25146,0
2025-12-19 10:45:04.168;25144,75;1;ASK;25142,75;25145,25
2025-12-19 10:45:48.312;25146,0;2;ASK;25144,75;25146,0
2025-12-19 10:46:06.128;25146,0;1;ASK;25144,75;25146,5
2025-12-19 10:46:09.344;25146,75;2;BID;25145,75;25148,5
2025-12-19 10:46:09.344;25146,75;1;BID;25145,75;25148,5
2025-12-19 10:47:06.884;25147,75;1;ASK;25145,75;25148,5
2025-12-19 10:49:00.204;25148,0;1;ASK;25144,5;25147,25
2025-12-19 10:49:00.240;25147,0;1;ASK;25144,5;25147,25
2025-12-19 10:49:24.536;25142,0;3;ASK;25139,75;25142,75
2025-12-19 10:51:32.304;25143,0;1;BID;25143,0;25145,75
2025-12-19 10:51:48.844;25144,5;1;ASK;25142,75;25145,25
2025-12-19 10:51:48.844;25144,75;1;ASK;25142,75;25145,25
2025-12-19 10:54:13.260;25152,75;1;ASK;25150,25;25153,0
2025-12-19 10:57:38.584;25147,25;1;ASK;25144,5;25147,25
2025-12-19 10:58:31.552;25150,25;1;BID;25149,75;25152,25
2025-12-19 11:00:03.760;25151,75;1;ASK;25148,25;25151,25
2025-12-19 11:00:04.540;25151,0;1;ASK;25148,25;25150,75
2025-12-19 11:01:25.124;25145,75;1;ASK;25143,25;25145,5
2025-12-19 11:04:27.940;25138,25;1;ASK;25137,75;25138,75
2025-12-19 11:04:42.388;25139,5;1;ASK;25137,75;25139,75
2025-12-19 11:05:25.688;25137,75;2;BID;25136,5;25139,5
2025-12-19 11:05:25.688;25137,75;3;BID;25136,5;25139,5
2025-12-19 11:07:26.184;25128,5;1;BID;25128,5;25131,0
2025-12-19 11:07:31.716;25128,5;1;ASK;25127,0;25129,5
2025-12-19 11:08:03.724;25125,0;1;ASK;25123,0;25125,75
2025-12-19 11:10:52.508;25130,25;1;ASK;25127,25;25130,0
2025-12-19 11:13:14.092;25137,0;1;ASK;25134,75;25137,25
2025-12-19 11:13:56.108;25139,75;3;ASK;25138,25;25140,0
2025-12-19 11:14:04.020;25140,0;1;BID;25139,5;25141,75
2025-12-19 11:16:05.524;25149,0;1;BID;25149,0;25151,75
2025-12-19 11:16:17.436;25152,25;1;ASK;25150,25;25152,0
2025-12-19 11:17:52.488;25147,5;1;ASK;25144,75;25147,5
2025-12-19 11:21:30.844;25144,0;1;BID;25143,25;25145,5
2025-12-19 11:22:19.012;25146,0;1;ASK;25144,25;25146,25
2025-12-19 11:22:19.092;25146,0;2;ASK;25144,25;25146,25
2025-12-19 11:22:38.348;25145,0;1;ASK;25143,75;25146,0
2025-12-19 11:23:30.752;25144,25;1;ASK;25142,25;25144,5
2025-12-19 11:24:25.316;25142,25;1;BID;25142,25;25145,0
2025-12-19 11:25:10.268;25147,5;1;ASK;25146,5;25147,5
2025-12-19 11:26:36.636;25147,5;2;ASK;25146,25;25147,5
2025-12-19 11:30:03.108;25140,0;1;ASK;25138,75;25141,0
2025-12-19 11:31:35.860;25141,25;1;BID;25141,25;25143,75
2025-12-19 11:32:09.268;25141,5;1;ASK;25141,0;25142,0
2025-12-19 11:32:42.208;25147,5;1;ASK;25145,5;25147,25
2025-12-19 11:33:08.064;25147,5;4;ASK;25146,25;25147,5
2025-12-19 11:33:08.744;25146,75;1;BID;25146,25;25147,5
2025-12-19 11:33:11.408;25147,5;1;ASK;25144,5;25147,25
2025-12-19 11:34:02.308;25142,0;2;ASK;25140,5;25142,75
2025-12-19 11:37:18.352;25130,5;1;ASK;25127,5;25130,0
2025-12-19 11:37:18.352;25130,5;1;ASK;25127,5;25130,0
2025-12-19 11:40:49.920;25131,5;2;ASK;25130,75;25132,25
2025-12-19 11:42:17.700;25134,5;1;ASK;25132,25;25135,25
2025-12-19 11:42:43.568;25130,75;1;BID;25130,75;25132,0
2025-12-19 11:43:25.096;25130,75;1;ASK;25129,5;25131,75
2025-12-19 11:43:28.712;25129,5;1;ASK;25126,5;25129,25
2025-12-19 11:43:28.712;25129,5;1;ASK;25126,5;25129,25
2025-12-19 11:43:28.720;25129,0;1;ASK;25126,5;25129,25
2025-12-19 11:43:28.720;25129,0;1;ASK;25126,5;25129,25
2025-12-19 11:44:06.812;25132,5;1;BID;25132,5;25135,25
2025-12-19 11:44:06.812;25132,5;1;BID;25132,5;25135,25
2025-12-19 11:44:30.652;25136,0;1;BID;25136,25;25138,0
2025-12-19 11:44:33.028;25135,25;1;BID;25135,0;25138,0
2025-12-19 11:44:36.012;25138,0;1;ASK;25136,25;25139,5
2025-12-19 11:44:50.976;25140,5;1;BID;25140,25;25141,5
2025-12-19 11:44:57.444;25141,5;1;BID;25140,75;25143,25
2025-12-19 11:44:57.444;25141,5;1;BID;25140,75;25143,25
2025-12-19 11:45:00.248;25140,75;1;BID;25140,75;25143,25
2025-12-19 11:45:09.704;25141,25;1;BID;25141,25;25143,25
2025-12-19 11:45:51.528;25142,0;1;BID;25141,25;25143,25
2025-12-19 11:45:59.936;25143,25;1;BID;25142,5;25145,5
2025-12-19 11:45:59.936;25143,25;1;BID;25142,5;25145,5
2025-12-19 11:45:59.936;25143,25;1;BID;25142,5;25145,5
2025-12-19 11:45:59.936;25143,25;1;BID;25142,5;25145,5
2025-12-19 11:46:35.520;25147,5;1;BID;25146,25;25149,25
2025-12-19 11:50:01.096;25150,0;4;ASK;25148,5;25150,0
2025-12-19 11:50:01.096;25150,0;2;ASK;25148,5;25150,0
2025-12-19 11:50:02.580;25150,0;1;ASK;25149,25;25150,0
2025-12-19 11:50:03.040;25150,0;1;BID;25150,25;25152,25
2025-12-19 11:50:29.364;25146,25;1;ASK;25143,75;25146,25
2025-12-19 11:51:27.372;25145,5;1;BID;25144,75;25147,75
2025-12-19 11:51:58.320;25144,5;1;BID;25143,5;25146,25
2025-12-19 11:52:33.752;25141,25;1;ASK;25138,25;25140,75
2025-12-19 11:52:37.064;25140,0;1;BID;25139,25;25142,25
2025-12-19 11:53:12.028;25136,75;1;BID;25136,25;25138,75
2025-12-19 11:55:59.872;25130,25;1;BID;25129,75;25132,25
2025-12-19 11:55:59.872;25130,25;1;BID;25129,75;25132,25
2025-12-19 11:56:20.664;25127,5;1;ASK;25126,75;25128,0
2025-12-19 11:56:34.760;25126,75;3;ASK;25125,25;25128,0
2025-12-19 11:56:34.760;25126,75;1;ASK;25125,25;25128,0
2025-12-19 11:56:34.760;25126,75;1;ASK;25125,25;25128,0
2025-12-19 11:56:34.760;25126,75;3;ASK;25125,25;25128,0
2025-12-19 11:57:19.012;25128,75;1;ASK;25126,75;25129,75
2025-12-19 12:00:55.360;25126,25;1;BID;25126,25;25129,25
2025-12-19 12:00:55.456;25128,25;1;ASK;25126,25;25129,25
2025-12-19 12:00:56.164;25128,25;1;ASK;25126,25;25128,75
2025-12-19 12:00:56.164;25128,75;1;ASK;25126,25;25128,75
2025-12-19 12:01:53.840;25130,25;1;ASK;25126,5;25129,0
2025-12-19 12:01:53.840;25130,25;1;ASK;25126,5;25129,0
2025-12-19 12:01:55.268;25128,75;4;BID;25128,25;25130,75
2025-12-19 12:01:55.268;25128,75;1;BID;25128,25;25130,75
2025-12-19 12:03:10.876;25122,75;1;BID;25123,25;25126,0
2025-12-19 12:03:36.380;25124,25;1;ASK;25122,25;25125,5
2025-12-19 12:04:02.672;25124,5;1;BID;25124,25;25125,5
2025-12-19 12:04:28.112;25128,25;1;ASK;25125,25;25127,25
2025-12-19 12:06:10.228;25117,0;1;BID;25116,75;25118,5
2025-12-19 12:07:33.744;25108,25;1;BID;25107,25;25110,0
2025-12-19 12:08:05.924;25100,5;1;BID;25100,5;25103,25
2025-12-19 12:08:14.712;25101,75;1;ASK;25099,0;25101,75
2025-12-19 12:09:44.688;25090,25;1;BID;25091,25;25093,5
2025-12-19 12:10:00.548;25096,25;1;ASK;25095,25;25097,25
2025-12-19 12:10:39.632;25099,75;1;BID;25102,5;25105,75
2025-12-19 12:10:39.632;25099,75;1;BID;25102,5;25105,75
2025-12-19 12:10:46.992;25108,25;1;ASK;25106,25;25108,25
2025-12-19 12:11:13.992;25109,5;1;ASK;25108,25;25110,0
2025-12-19 12:12:28.492;25111,5;1;ASK;25108,25;25110,0
2025-12-19 12:12:28.492;25111,5;1;ASK;25108,25;25110,0
2025-12-19 12:13:11.532;25110,25;1;BID;25111,0;25113,5
2025-12-19 12:13:25.916;25112,75;1;BID;25112,75;25115,25
2025-12-19 12:17:36.284;25108,25;1;ASK;25106,25;25108,75
2025-12-19 12:17:37.624;25106,25;1;BID;25105,25;25108,25
2025-12-19 12:23:05.604;25110,0;1;BID;25109,75;25112,0
2025-12-19 12:24:19.704;25100,75;1;BID;25101,0;25103,5
2025-12-19 12:24:44.924;25105,75;1;ASK;25104,25;25106,25
2025-12-19 12:25:37.188;25110,0;1;BID;25109,25;25111,75
2025-12-19 12:25:54.984;25109,5;1;BID;25109,0;25111,5
2025-12-19 12:25:54.984;25108,5;1;BID;25109,0;25111,5
2025-12-19 12:25:55.076;25111,5;1;ASK;25109,75;25112,25
2025-12-19 12:26:08.000;25112,25;1;BID;25111,5;25113,5
2025-12-19 12:26:09.380;25115,25;1;ASK;25113,25;25115,5
2025-12-19 12:27:28.940;25120,75;1;ASK;25119,0;25121,5
2025-12-19 12:28:08.428;25120,25;1;ASK;25118,25;25120,75
2025-12-19 12:28:36.224;25125,0;1;BID;25125,25;25127,25
2025-12-19 12:28:36.224;25125,0;1;BID;25125,25;25127,25
2025-12-19 12:28:44.728;25127,75;1;ASK;25124,75;25127,25
2025-12-19 12:28:44.728;25127,75;1;ASK;25124,75;25127,25
2025-12-19 12:31:08.200;25124,25;1;BID;25125,0;25127,25
2025-12-19 12:31:46.412;25127,5;1;ASK;25126,25;25128,25
2025-12-19 12:33:14.252;25122,0;1;BID;25121,25;25123,75
2025-12-19 12:33:14.252;25122,0;1;BID;25121,25;25123,75
2025-12-19 12:33:14.256;25122,0;1;BID;25121,25;25123,75
2025-12-19 12:33:15.256;25121,25;1;BID;25124,25;25126,25
2025-12-19 12:33:15.256;25121,25;1;BID;25124,25;25126,25
2025-12-19 12:33:15.904;25123,5;1;BID;25124,25;25126,25
2025-12-19 12:33:15.904;25123,75;1;BID;25124,25;25126,25
2025-12-19 12:33:15.904;25123,75;1;BID;25124,25;25126,25
2025-12-19 12:33:15.904;25124,0;1;BID;25124,25;25126,25
2025-12-19 12:33:15.904;25124,25;1;BID;25124,25;25126,25
2025-12-19 12:33:15.904;25124,25;1;BID;25124,25;25126,25
2025-12-19 12:33:15.904;25124,5;1;BID;25124,25;25126,25
2025-12-19 12:33:15.904;25124,75;1;BID;25124,25;25126,25
2025-12-19 12:33:15.904;25125,0;1;BID;25124,25;25126,25
2025-12-19 12:33:15.904;25125,0;4;BID;25124,25;25126,25
2025-12-19 12:33:20.068;25122,25;1;ASK;25120,75;25123,25
2025-12-19 12:33:47.444;25132,25;1;ASK;25130,5;25132,75
2025-12-19 12:34:45.264;25128,5;2;BID;25128,25;25130,5
2025-12-19 12:35:44.452;25133,5;1;ASK;25131,0;25133,5
2025-12-19 12:36:04.580;25130,25;1;ASK;25128,25;25130,25
2025-12-19 12:37:11.984;25115,0;1;BID;25114,5;25117,0
2025-12-19 12:39:52.568;25115,0;3;BID;25114,25;25116,75
2025-12-19 12:39:52.568;25115,0;1;BID;25114,25;25116,75
2025-12-19 12:39:52.572;25115,0;1;BID;25114,25;25116,75
2025-12-19 12:39:52.572;25115,0;1;BID;25114,25;25116,75
2025-12-19 12:40:06.696;25117,25;1;ASK;25116,25;25117,75
2025-12-19 12:40:42.832;25115,0;1;BID;25115,0;25117,25
2025-12-19 12:40:47.936;25116,25;1;BID;25116,25;25117,5
2025-12-19 12:40:48.080;25117,5;1;ASK;25116,25;25118,25
2025-12-19 12:40:48.080;25117,5;1;ASK;25116,25;25118,25
2025-12-19 12:40:48.080;25117,5;1;ASK;25116,25;25118,25
2025-12-19 12:41:03.864;25117,75;1;BID;25117,0;25119,25
2025-12-19 12:41:51.748;25122,25;1;BID;25121,75;25124,25
2025-12-19 12:44:27.604;25120,0;1;BID;25120,0;25121,5
2025-12-19 12:45:07.744;25123,5;1;ASK;25121,5;25124,25
2025-12-19 12:46:49.940;25125,25;1;ASK;25123,25;25125,75
2025-12-19 12:47:31.776;25120,0;2;ASK;25118,25;25120,25
2025-12-19 12:49:18.412;25116,0;1;BID;25115,5;25117,75
2025-12-19 12:49:43.784;25116,25;1;BID;25115,5;25117,75
2025-12-19 12:51:12.520;25112,75;1;BID;25112,0;25114,25
2025-12-19 12:51:40.172;25113,0;1;BID;25113,25;25115,5
2025-12-19 12:51:40.172;25113,0;1;BID;25113,25;25115,5
2025-12-19 12:51:48.112;25114,5;1;BID;25114,25;25116,25
2025-12-19 12:55:03.844;25113,5;1;ASK;25111,5;25114,0
2025-12-19 12:55:03.844;25113,75;1;ASK;25111,5;25114,0
2025-12-19 12:56:58.968;25114,25;1;ASK;25110,5;25113,75
2025-12-19 12:58:28.120;25105,0;1;BID;25104,5;25107,5
2025-12-19 12:58:28.120;25105,0;1;BID;25104,5;25107,5
2025-12-19 12:59:02.448;25103,5;1;ASK;25100,5;25104,0
2025-12-19 12:59:02.448;25103,5;1;ASK;25100,5;25104,0
2025-12-19 12:59:25.512;25106,25;1;ASK;25104,25;25106,75
2025-12-19 12:59:34.392;25107,75;1;ASK;25102,5;25106,25
2025-12-19 13:00:40.288;25112,25;1;BID;25112,5;25116,25
2025-12-19 13:01:31.828;25114,25;1;ASK;25112,25;25114,75
2025-12-19 13:01:31.828;25114,75;1;ASK;25112,25;25114,75
2025-12-19 13:02:17.292;25109,0;1;BID;25108,25;25111,25
2025-12-19 13:02:17.292;25109,25;1;BID;25108,25;25111,25
2025-12-19 13:03:06.800;25116,75;2;ASK;25112,25;25116,75
2025-12-19 13:05:25.952;25102,0;1;ASK;25099,0;25101,75
2025-12-19 13:06:17.836;25104,75;1;ASK;25103,25;25106,25
2025-12-19 13:06:17.836;25104,75;1;ASK;25103,25;25106,25
2025-12-19 13:06:17.836;25104,5;1;BID;25103,25;25106,25
2025-12-19 13:06:17.836;25104,5;1;BID;25103,25;25106,25
2025-12-19 13:06:17.836;25104,25;1;BID;25103,25;25106,25
2025-12-19 13:06:17.836;25104,25;1;BID;25103,25;25106,25
2025-12-19 13:06:35.880;25107,5;1;BID;25106,25;25109,25
2025-12-19 13:07:23.468;25098,75;1;BID;25098,75;25100,25
2025-12-19 13:07:39.240;25098,75;1;ASK;25097,0;25100,0
2025-12-19 13:07:53.420;25094,25;1;BID;25093,75;25096,25
2025-12-19 13:07:58.284;25094,5;1;BID;25095,0;25098,25
2025-12-19 13:07:58.284;25094,5;1;BID;25095,0;25098,25
2025-12-19 13:08:46.884;25096,25;1;ASK;25094,25;25097,0
2025-12-19 13:08:57.876;25094,25;1;ASK;25092,75;25095,25
2025-12-19 13:08:57.876;25094,25;1;ASK;25092,75;25095,25
2025-12-19 13:09:01.072;25092,75;2;BID;25091,5;25094,25
2025-12-19 13:09:13.524;25089,25;1;ASK;25086,75;25090,0
2025-12-19 13:09:13.524;25089,0;1;ASK;25086,75;25090,0
2025-12-19 13:09:13.524;25089,0;1;ASK;25086,75;25090,0
2025-12-19 13:09:13.524;25088,75;1;ASK;25086,75;25090,0
2025-12-19 13:09:13.524;25088,75;1;ASK;25086,75;25090,0
2025-12-19 13:09:13.528;25088,5;1;ASK;25086,75;25090,0
2025-12-19 13:09:21.320;25089,0;1;ASK;25085,25;25088,25
2025-12-19 13:09:21.320;25088,75;1;ASK;25085,25;25088,25
2025-12-19 13:09:28.248;25088,75;1;BID;25087,5;25090,25
2025-12-19 13:09:31.316;25087,5;1;ASK;25082,5;25085,5
2025-12-19 13:09:31.316;25087,25;1;ASK;25082,5;25085,5
2025-12-19 13:09:31.316;25087,25;1;ASK;25082,5;25085,5
2025-12-19 13:09:31.316;25087,25;1;ASK;25082,5;25085,5
2025-12-19 13:09:31.396;25085,75;1;ASK;25082,5;25085,5
2025-12-19 13:09:31.508;25084,5;2;ASK;25082,5;25085,5
2025-12-19 13:09:31.512;25084,0;1;ASK;25082,5;25085,5
2025-12-19 13:09:50.352;25087,0;1;ASK;25084,5;25087,0
2025-12-19 13:10:04.216;25083,0;1;BID;25082,25;25085,0
2025-12-19 13:10:04.216;25083,25;1;BID;25082,25;25085,0
2025-12-19 13:10:04.216;25083,5;1;BID;25082,25;25085,0
2025-12-19 13:10:04.216;25083,75;1;ASK;25082,25;25085,0
2025-12-19 13:10:04.216;25084,0;1;ASK;25082,25;25085,0
2025-12-19 13:10:04.216;25084,25;1;ASK;25082,25;25085,0
2025-12-19 13:10:11.276;25087,0;1;ASK;25084,25;25086,75
2025-12-19 13:10:15.716;25089,25;1;ASK;25088,25;25089,25
2025-12-19 13:10:47.332;25089,25;3;BID;25088,75;25091,0
2025-12-19 13:10:52.332;25093,75;1;ASK;25091,25;25093,5
2025-12-19 13:11:05.504;25093,0;1;ASK;25090,25;25092,5
2025-12-19 13:11:43.092;25088,75;1;BID;25088,25;25090,5
2025-12-19 13:11:43.092;25088,25;1;BID;25088,25;25090,5
2025-12-19 13:11:43.092;25088,25;1;BID;25088,25;25090,5
2025-12-19 13:11:43.092;25088,25;1;BID;25088,25;25090,5
2025-12-19 13:11:59.488;25091,5;1;BID;25091,25;25093,75
2025-12-19 13:13:16.856;25101,25;1;ASK;25100,0;25102,25
2025-12-19 13:13:23.796;25102,0;3;ASK;25100,5;25102,75
2025-12-19 13:13:36.960;25100,0;2;BID;25100,0;25102,25
2025-12-19 13:13:36.964;25100,0;4;BID;25100,0;25102,25
2025-12-19 13:13:36.964;25100,0;1;BID;25100,0;25102,25
2025-12-19 13:13:36.968;25100,0;1;BID;25100,0;25102,25
2025-12-19 13:13:36.968;25100,0;1;BID;25100,0;25102,25
2025-12-19 13:13:36.968;25100,0;1;BID;25100,0;25102,25
2025-12-19 13:13:36.968;25100,0;2;BID;25100,0;25102,25
2025-12-19 13:13:43.504;25100,0;4;ASK;25097,75;25100,25
2025-12-19 13:14:03.836;25098,25;1;BID;25097,25;25100,0
2025-12-19 13:14:03.836;25098,0;1;BID;25097,25;25100,0
2025-12-19 13:14:03.836;25097,75;1;BID;25097,25;25100,0
2025-12-19 13:15:03.724;25102,25;1;ASK;25100,5;25103,25
2025-12-19 13:15:58.728;25110,0;1;ASK;25108,5;25111,5
2025-12-19 13:16:32.056;25108,0;1;ASK;25106,25;25108,75
2025-12-19 13:17:03.852;25108,0;1;ASK;25104,75;25108,25
2025-12-19 13:18:17.708;25101,75;1;ASK;25099,0;25102,25
2025-12-19 13:18:17.708;25102,0;1;ASK;25099,0;25102,25
2025-12-19 13:18:50.692;25096,0;1;ASK;25093,5;25096,0
2025-12-19 13:20:46.644;25092,25;1;ASK;25090,25;25093,25
2025-12-19 13:21:41.328;25086,25;1;ASK;25084,5;25086,25
2025-12-19 13:21:43.092;25086,25;1;BID;25085,0;25088,25
2025-12-19 13:21:45.444;25085,5;1;BID;25084,75;25088,25
2025-12-19 13:24:29.276;25091,5;1;ASK;25088,75;25092,0
2025-12-19 13:24:29.276;25091,5;1;ASK;25088,75;25092,0
2025-12-19 13:25:08.176;25092,0;1;ASK;25090,0;25092,25
2025-12-19 13:25:13.184;25092,25;1;BID;25091,75;25094,0
2025-12-19 13:25:13.184;25092,25;1;BID;25091,75;25094,0
2025-12-19 13:25:13.184;25092,0;1;BID;25091,75;25094,0
2025-12-19 13:25:13.276;25093,25;1;ASK;25091,75;25094,0
2025-12-19 13:25:15.328;25091,0;1;ASK;25087,75;25090,0
2025-12-19 13:26:18.884;25098,25;1;ASK;25096,5;25099,0
2025-12-19 13:27:10.500;25101,0;2;ASK;25099,0;25101,75
2025-12-19 13:29:23.632;25102,25;1;ASK;25100,25;25102,5
2025-12-19 13:33:35.404;25091,5;1;ASK;25090,25;25092,5
2025-12-19 13:33:44.380;25091,25;1;BID;25091,25;25094,0
2025-12-19 13:34:17.536;25086,5;1;BID;25085,25;25088,0
2025-12-19 13:34:17.536;25086,25;1;BID;25085,25;25088,0
2025-12-19 13:34:17.536;25086,25;1;BID;25085,25;25088,0
2025-12-19 13:34:17.536;25086,25;1;BID;25085,25;25088,0
2025-12-19 13:34:17.536;25086,0;1;BID;25085,25;25088,0
2025-12-19 13:34:17.536;25085,75;1;BID;25085,25;25088,0
2025-12-19 13:34:17.536;25085,75;1;BID;25085,25;25088,0
2025-12-19 13:34:17.536;25085,5;1;BID;25085,25;25088,0
2025-12-19 13:34:17.536;25085,25;1;BID;25085,25;25088,0
2025-12-19 13:34:17.536;25085,0;1;BID;25085,25;25088,0
2025-12-19 13:34:17.536;25085,0;1;BID;25085,25;25088,0
2025-12-19 13:34:17.544;25085,5;1;BID;25085,25;25088,0
2025-12-19 13:35:39.432;25080,75;1;ASK;25080,0;25081,0
2025-12-19 13:35:40.068;25080,0;1;ASK;25077,0;25080,25
2025-12-19 13:36:44.944;25081,25;1;ASK;25079,25;25082,0
2025-12-19 13:36:44.944;25081,0;1;ASK;25079,25;25082,0
2025-12-19 13:36:44.944;25080,75;1;ASK;25079,25;25082,0
2025-12-19 13:36:44.944;25080,5;1;BID;25079,25;25082,0
2025-12-19 13:36:44.944;25080,25;1;BID;25079,25;25082,0
2025-12-19 13:36:44.944;25080,25;1;BID;25079,25;25082,0
2025-12-19 13:36:44.944;25080,0;1;BID;25079,25;25082,0
2025-12-19 13:36:45.028;25082,0;1;ASK;25079,5;25082,25
2025-12-19 13:36:45.052;25082,25;1;ASK;25079,5;25082,25
2025-12-19 13:36:45.052;25082,25;1;ASK;25079,5;25082,25
2025-12-19 13:36:45.608;25080,0;1;BID;25079,5;25082,25
2025-12-19 13:37:18.916;25083,0;1;ASK;25081,0;25083,75
2025-12-19 13:37:49.604;25080,75;1;ASK;25078,5;25081,5
2025-12-19 13:38:21.800;25083,0;1;ASK;25080,75;25083,5
2025-12-19 13:38:44.560;25081,25;1;BID;25080,25;25082,5
2025-12-19 13:38:44.560;25081,5;1;ASK;25080,25;25082,5
2025-12-19 13:38:44.560;25081,5;1;ASK;25080,25;25082,5
2025-12-19 13:38:44.560;25081,75;1;ASK;25080,25;25082,5
2025-12-19 13:38:44.560;25082,0;1;ASK;25080,25;25082,5
2025-12-19 13:38:58.660;25081,25;1;ASK;25078,75;25081,25
2025-12-19 13:39:34.944;25082,25;1;ASK;25080,25;25082,5
2025-12-19 13:39:42.800;25085,75;1;ASK;25082,75;25086,0
2025-12-19 13:39:49.104;25084,75;1;ASK;25083,0;25085,75
2025-12-19 13:40:17.148;25084,25;1;ASK;25082,25;25084,5
2025-12-19 13:40:29.752;25082,5;1;BID;25081,5;25084,25
2025-12-19 13:40:29.752;25082,25;1;BID;25081,5;25084,25
2025-12-19 13:40:29.752;25082,25;1;BID;25081,5;25084,25
2025-12-19 13:40:29.752;25082,25;1;BID;25081,5;25084,25
2025-12-19 13:40:29.752;25082,0;1;BID;25081,5;25084,25
2025-12-19 13:40:29.752;25081,75;1;BID;25081,5;25084,25
2025-12-19 13:40:29.752;25081,5;1;BID;25081,5;25084,25
2025-12-19 13:40:29.752;25081,25;1;BID;25081,5;25084,25
2025-12-19 13:40:29.752;25081,0;1;BID;25081,5;25084,25
2025-12-19 13:40:29.752;25080,75;1;BID;25081,5;25084,25
2025-12-19 13:40:46.032;25083,0;1;BID;25082,75;25085,5
2025-12-19 13:40:51.276;25084,25;1;ASK;25081,25;25084,0
2025-12-19 13:41:14.544;25080,25;1;ASK;25078,25;25080,25
2025-12-19 13:41:28.336;25080,25;1;ASK;25078,75;25081,75
2025-12-19 13:41:28.336;25078,75;1;BID;25078,75;25081,75
2025-12-19 13:41:28.336;25078,5;1;BID;25078,75;25081,75
2025-12-19 13:41:42.220;25080,75;1;ASK;25078,25;25081,75
2025-12-19 13:41:42.220;25080,75;1;ASK;25078,25;25081,75
2025-12-19 13:43:10.412;25084,75;1;ASK;25081,0;25084,25
2025-12-19 13:43:58.448;25082,25;1;BID;25081,5;25084,25
2025-12-19 13:44:20.656;25080,25;1;ASK;25078,25;25080,25
2025-12-19 13:44:20.984;25080,0;1;ASK;25078,25;25080,25
2025-12-19 13:45:34.556;25086,25;1;ASK;25082,5;25086,25
2025-12-19 13:46:53.148;25090,25;1;ASK;25088,25;25091,0
2025-12-19 13:47:47.640;25084,25;1;BID;25082,5;25086,25
2025-12-19 13:47:47.640;25084,0;1;BID;25082,5;25086,25
2025-12-19 13:47:47.640;25083,75;1;BID;25082,5;25086,25
2025-12-19 13:47:47.640;25083,5;1;BID;25082,5;25086,25
2025-12-19 13:47:47.640;25083,25;1;BID;25082,5;25086,25
2025-12-19 13:47:47.640;25083,0;1;BID;25082,5;25086,25
2025-12-19 13:47:47.640;25082,75;1;BID;25082,5;25086,25
2025-12-19 13:47:47.640;25082,5;1;BID;25082,5;25086,25
2025-12-19 13:47:47.728;25085,75;1;ASK;25082,5;25086,25
2025-12-19 13:47:47.728;25085,75;1;ASK;25082,5;25086,25
2025-12-19 13:47:47.752;25085,5;1;ASK;25082,5;25086,25
2025-12-19 13:47:47.752;25085,5;1;ASK;25082,5;25086,25
2025-12-19 13:48:14.668;25086,25;1;ASK;25084,25;25087,0
2025-12-19 13:48:23.992;25093,0;1;ASK;25090,5;25093,25
2025-12-19 13:48:23.992;25093,25;1;ASK;25090,5;25093,25
2025-12-19 13:48:23.992;25093,5;1;ASK;25090,5;25093,25
2025-12-19 13:48:23.992;25093,75;1;ASK;25090,5;25093,25
2025-12-19 13:48:23.992;25094,0;1;ASK;25090,5;25093,25
2025-12-19 13:48:23.992;25094,25;1;ASK;25090,5;25093,25
2025-12-19 13:48:23.992;25094,25;1;ASK;25090,5;25093,25
2025-12-19 13:48:23.992;25094,5;1;ASK;25090,5;25093,25
2025-12-19 13:48:41.760;25090,25;1;ASK;25088,25;25090,75
2025-12-19 13:48:51.476;25090,5;1;ASK;25088,25;25090,75
2025-12-19 13:49:10.568;25090,25;1;ASK;25088,25;25091,5
2025-12-19 13:49:26.796;25089,5;1;ASK;25086,5;25089,5
2025-12-19 13:49:40.740;25089,75;1;ASK;25086,5;25090,0
2025-12-19 13:50:11.916;25091,75;1;ASK;25090,25;25092,0
2025-12-19 13:50:47.336;25089,75;1;ASK;25088,25;25090,25
2025-12-19 13:51:06.500;25088,5;1;ASK;25086,25;25089,0
2025-12-19 13:51:25.412;25090,0;1;ASK;25088,25;25090,5
2025-12-19 13:52:05.640;25089,5;1;ASK;25088,25;25089,75
2025-12-19 13:52:20.608;25086,25;1;BID;25086,25;25088,5
2025-12-19 13:52:57.428;25079,0;1;BID;25078,25;25080,5
2025-12-19 13:53:16.244;25070,0;1;ASK;25068,5;25070,5
2025-12-19 13:53:24.684;25070,0;1;BID;25069,25;25071,75
2025-12-19 13:53:38.452;25072,5;1;ASK;25070,25;25072,0
2025-12-19 13:53:42.900;25073,5;1;ASK;25072,25;25074,75
2025-12-19 13:54:44.080;25063,75;1;ASK;25062,25;25065,0
2025-12-19 13:55:00.868;25060,75;1;BID;25060,75;25063,75
2025-12-19 13:55:05.488;25060,0;1;BID;25059,0;25062,0
2025-12-19 13:55:05.488;25059,0;1;BID;25059,0;25062,0
2025-12-19 13:55:05.488;25058,75;1;BID;25059,0;25062,0
2025-12-19 13:55:05.488;25058,5;1;BID;25059,0;25062,0
2025-12-19 13:55:05.488;25058,25;1;BID;25059,0;25062,0
2025-12-19 13:55:42.444;25058,25;1;BID;25058,25;25060,5
2025-12-19 13:55:42.444;25058,0;1;BID;25058,25;25060,5
2025-12-19 13:55:42.444;25057,75;1;BID;25058,25;25060,5
2025-12-19 13:55:42.444;25057,75;1;BID;25058,25;25060,5
2025-12-19 13:55:42.444;25057,5;1;BID;25058,25;25060,5
2025-12-19 13:55:42.444;25057,25;1;BID;25058,25;25060,5
2025-12-19 13:55:42.444;25057,25;1;BID;25058,25;25060,5
2025-12-19 13:55:42.444;25057,0;1;BID;25058,25;25060,5
2025-12-19 13:55:42.444;25056,75;1;BID;25058,25;25060,5
2025-12-19 13:55:42.508;25060,25;1;ASK;25058,25;25060,5
2025-12-19 13:55:55.928;25063,25;1;ASK;25062,25;25064,0
2025-12-19 13:56:09.876;25060,75;1;BID;25060,75;25063,25
2025-12-19 13:56:10.800;25060,75;1;BID;25061,0;25063,25
2025-12-19 13:56:23.064;25063,5;1;ASK;25062,25;25064,5
2025-12-19 13:56:23.064;25064,0;1;ASK;25062,25;25064,5
2025-12-19 13:56:58.656;25073,0;1;ASK;25067,75;25070,5
2025-12-19 13:58:14.552;25060,25;1;BID;25060,25;25063,0
2025-12-19 13:58:35.912;25057,25;1;ASK;25056,5;25057,25
2025-12-19 13:58:39.300;25056,5;1;ASK;25054,75;25056,75
2025-12-19 13:58:51.276;25050,0;2;BID;25049,75;25051,25
2025-12-19 13:59:06.140;25050,0;1;ASK;25048,75;25051,25
2025-12-19 13:59:43.312;25050,0;1;BID;25051,25;25053,5
2025-12-19 14:00:12.748;25051,25;1;BID;25051,25;25053,5
2025-12-19 14:00:13.652;25051,25;1;BID;25051,75;25054,0
2025-12-19 14:00:16.900;25054,0;1;ASK;25052,0;25054,25
2025-12-19 14:00:16.900;25054,25;1;ASK;25052,0;25054,25
2025-12-19 14:00:16.900;25054,5;2;ASK;25052,0;25054,25
2025-12-19 14:00:16.900;25054,75;1;ASK;25052,0;25054,25
2025-12-19 14:00:28.324;25055,0;1;BID;25055,25;25057,0
2025-12-19 14:00:46.940;25057,0;1;ASK;25055,25;25057,0
2025-12-19 14:00:53.516;25053,75;1;BID;25053,75;25055,5
2025-12-19 14:01:40.328;25050,5;1;BID;25050,5;25052,25
2025-12-19 14:01:41.428;25054,0;2;BID;25053,0;25055,5
2025-12-19 14:03:22.940;25045,5;1;BID;25045,25;25048,25
2025-12-19 14:03:49.840;25056,0;1;BID;25055,0;25057,25
2025-12-19 14:03:54.192;25057,25;1;BID;25056,75;25058,75
2025-12-19 14:04:22.596;25063,25;1;BID;25062,5;25064,75
2025-12-19 14:04:24.272;25064,25;1;ASK;25061,0;25063,25
2025-12-19 14:04:57.228;25063,0;1;ASK;25060,5;25063,25
2025-12-19 14:05:02.940;25063,25;1;ASK;25060,5;25063,5
2025-12-19 14:05:02.940;25063,75;1;ASK;25060,5;25063,5
2025-12-19 14:05:02.940;25064,0;1;ASK;25060,5;25063,5
2025-12-19 14:05:06.260;25062,75;1;ASK;25060,25;25063,0
2025-12-19 14:05:22.920;25063,0;1;BID;25063,25;25065,25
2025-12-19 14:05:58.112;25060,5;1;ASK;25056,0;25059,25
2025-12-19 14:05:58.832;25058,75;1;ASK;25056,0;25059,25
2025-12-19 14:06:19.444;25061,5;1;ASK;25060,25;25062,0
2025-12-19 14:06:45.760;25070,0;1;BID;25069,25;25072,0
2025-12-19 14:06:45.760;25070,0;3;BID;25069,25;25072,0
2025-12-19 14:06:59.864;25067,75;1;ASK;25066,25;25068,5
2025-12-19 14:10:00.120;25070,5;1;BID;25070,25;25072,25
2025-12-19 14:10:47.696;25071,5;1;BID;25073,25;25074,75
2025-12-19 14:11:00.252;25069,5;1;ASK;25067,25;25069,75
2025-12-19 14:11:23.760;25065,25;1;BID;25065,25;25067,25
2025-12-19 14:12:50.204;25074,75;1;ASK;25072,25;25074,75
2025-12-19 14:13:12.140;25070,0;1;ASK;25069,25;25070,0
2025-12-19 14:13:14.480;25070,0;1;BID;25070,75;25073,0
2025-12-19 14:16:31.164;25069,0;1;BID;25067,75;25070,5
2025-12-19 14:20:05.020;25081,75;1;ASK;25080,25;25082,75
2025-12-19 14:20:19.404;25076,25;1;BID;25076,75;25079,25
2025-12-19 14:20:49.000;25080,0;1;BID;25079,75;25082,25
2025-12-19 14:21:11.636;25082,75;1;ASK;25080,75;25083,0
2025-12-19 14:23:12.872;25079,25;1;BID;25079,25;25080,5
2025-12-19 14:23:13.352;25080,5;1;BID;25080,0;25082,75
2025-12-19 14:24:54.508;25079,75;1;ASK;25077,0;25080,25
2025-12-19 14:25:48.872;25078,5;1;BID;25078,25;25081,25
2025-12-19 14:26:01.416;25075,25;1;ASK;25072,25;25075,25
2025-12-19 14:26:10.668;25073,75;1;BID;25072,75;25076,25
2025-12-19 14:27:17.564;25074,5;1;BID;25074,75;25077,75
2025-12-19 14:27:17.564;25074,25;1;BID;25074,75;25077,75
2025-12-19 14:27:17.564;25074,0;1;BID;25074,75;25077,75
2025-12-19 14:27:35.476;25075,5;1;ASK;25072,25;25075,0
2025-12-19 14:31:52.928;25080,25;1;BID;25081,75;25086,25
2025-12-19 14:31:52.960;25082,75;1;BID;25081,75;25086,25
2025-12-19 14:31:52.960;25082,5;1;BID;25081,75;25086,25
2025-12-19 14:31:52.964;25085,25;1;ASK;25081,75;25086,25
2025-12-19 14:31:52.964;25086,25;1;ASK;25081,75;25086,25
2025-12-19 14:31:52.972;25085,0;1;ASK;25081,75;25086,25
2025-12-19 14:31:52.984;25083,0;1;BID;25081,75;25086,25
2025-12-19 14:32:05.364;25070,75;1;ASK;25062,25;25065,75
2025-12-19 14:32:54.944;25074,5;1;BID;25073,5;25077,25
2025-12-19 14:33:06.920;25076,5;1;ASK;25074,25;25078,0
2025-12-19 14:34:46.384;25078,25;1;ASK;25075,25;25078,0
2025-12-19 14:37:35.460;25096,25;1;ASK;25093,5;25096,25
2025-12-19 14:37:52.268;25096,5;1;BID;25095,0;25098,25
2025-12-19 14:37:52.268;25096,75;1;ASK;25095,0;25098,25
2025-12-19 14:37:52.268;25096,75;1;ASK;25095,0;25098,25
2025-12-19 14:37:52.268;25097,0;1;ASK;25095,0;25098,25
2025-12-19 14:37:52.268;25097,25;1;ASK;25095,0;25098,25
2025-12-19 14:37:52.268;25097,5;1;ASK;25095,0;25098,25
2025-12-19 14:37:52.268;25097,75;1;ASK;25095,0;25098,25
2025-12-19 14:37:52.268;25098,0;1;ASK;25095,0;25098,25
2025-12-19 14:37:52.312;25098,0;1;ASK;25095,0;25098,25
2025-12-19 14:38:00.892;25098,0;2;BID;25097,75;25099,0
2025-12-19 14:38:08.840;25099,0;1;BID;25098,25;25100,0
2025-12-19 14:38:41.876;25100,0;1;BID;25099,5;25101,5
2025-12-19 14:39:05.544;25102,25;1;BID;25101,25;25103,75
2025-12-19 14:39:05.880;25101,5;1;BID;25101,25;25103,75
2025-12-19 14:39:05.880;25101,25;1;BID;25101,25;25103,75
2025-12-19 14:39:05.880;25101,25;1;BID;25101,25;25103,75
2025-12-19 14:39:05.880;25101,25;1;BID;25101,25;25103,75
2025-12-19 14:39:05.880;25101,0;1;BID;25101,25;25103,75
2025-12-19 14:39:05.880;25101,0;1;BID;25101,25;25103,75
2025-12-19 14:39:05.880;25100,75;1;BID;25101,25;25103,75
2025-12-19 14:39:05.880;25100,5;1;BID;25101,25;25103,75
2025-12-19 14:39:05.880;25100,25;1;BID;25101,25;25103,75
2025-12-19 14:39:05.880;25100,25;1;BID;25101,25;25103,75
2025-12-19 14:39:05.904;25103,5;1;ASK;25101,25;25103,75
2025-12-19 14:39:22.396;25106,0;1;ASK;25103,5;25105,75
2025-12-19 14:39:22.396;25106,25;1;ASK;25103,5;25105,75
2025-12-19 14:39:31.360;25104,5;1;ASK;25102,25;25104,5
2025-12-19 14:39:56.684;25096,0;1;BID;25096,0;25096,75
2025-12-19 14:39:57.572;25096,0;4;ASK;25094,75;25097,25
2025-12-19 14:39:57.572;25096,0;1;ASK;25094,75;25097,25
2025-12-19 14:40:32.584;25098,25;1;ASK;25096,75;25099,5
2025-12-19 14:40:45.292;25096,0;1;ASK;25094,0;25096,25
2025-12-19 14:40:45.540;25096,0;1;ASK;25094,0;25096,25
2025-12-19 14:40:45.540;25096,0;1;ASK;25094,0;25096,25
2025-12-19 14:41:01.072;25096,25;1;ASK;25094,25;25097,0
2025-12-19 14:41:45.744;25075,0;1;BID;25074,5;25077,25
2025-12-19 14:41:55.004;25080,25;1;ASK;25078,25;25080,25
2025-12-19 14:43:18.696;25080,25;1;ASK;25078,75;25080,75
2025-12-19 14:43:48.512;25087,25;1;BID;25088,25;25092,0
2025-12-19 14:43:48.512;25087,5;1;BID;25088,25;25092,0
2025-12-19 14:43:48.512;25087,75;1;BID;25088,25;25092,0
2025-12-19 14:43:48.512;25087,75;1;BID;25088,25;25092,0
2025-12-19 14:43:48.512;25088,0;1;BID;25088,25;25092,0
2025-12-19 14:43:48.512;25088,25;1;BID;25088,25;25092,0
2025-12-19 14:43:48.512;25088,25;1;BID;25088,25;25092,0
2025-12-19 14:43:48.512;25088,5;1;BID;25088,25;25092,0
2025-12-19 14:43:48.512;25088,75;1;BID;25088,25;25092,0
2025-12-19 14:43:48.520;25089,0;1;BID;25088,25;25092,0
2025-12-19 14:43:48.520;25089,25;1;BID;25088,25;25092,0
2025-12-19 14:44:50.012;25088,25;1;ASK;25086,25;25088,25
2025-12-19 14:44:50.012;25088,5;1;ASK;25086,25;25088,25
2025-12-19 14:44:50.012;25088,75;1;ASK;25086,25;25088,25
2025-12-19 14:44:50.012;25089,0;1;ASK;25086,25;25088,25
2025-12-19 14:44:50.012;25089,25;1;ASK;25086,25;25088,25
2025-12-19 14:44:50.012;25089,5;1;ASK;25086,25;25088,25
2025-12-19 14:45:19.716;25089,75;1;ASK;25088,25;25090,25
2025-12-19 14:45:24.584;25085,0;1;ASK;25083,5;25085,5
2025-12-19 14:45:45.608;25080,0;1;BID;25079,0;25081,75
2025-12-19 14:46:29.372;25082,75;1;ASK;25081,0;25083,75
2025-12-19 14:46:59.036;25081,25;1;BID;25080,75;25083,5
2025-12-19 14:46:59.036;25081,25;1;BID;25080,75;25083,5
2025-12-19 14:47:43.752;25085,75;1;ASK;25083,5;25086,25
2025-12-19 14:47:43.752;25086,0;1;ASK;25083,5;25086,25
2025-12-19 14:47:47.884;25082,25;1;BID;25081,75;25084,25
2025-12-19 14:47:58.740;25084,25;1;ASK;25081,5;25084,25
2025-12-19 14:48:57.760;25088,75;1;BID;25088,25;25090,75
2025-12-19 14:48:57.760;25089,0;1;BID;25088,25;25090,75
2025-12-19 14:48:58.956;25090,75;1;BID;25090,25;25092,75
2025-12-19 14:50:00.964;25097,25;1;BID;25096,25;25099,0
2025-12-19 14:51:58.536;25096,0;1;ASK;25094,25;25096,5
2025-12-19 14:52:37.096;25098,25;1;BID;25098,25;25100,0
2025-12-19 14:53:08.368;25096,25;1;ASK;25094,25;25097,25
2025-12-19 14:54:32.604;25093,0;1;ASK;25090,5;25094,25
2025-12-19 14:55:23.808;25093,0;1;BID;25091,75;25096,0
2025-12-19 14:57:50.444;25088,5;1;ASK;25086,5;25090,0
2025-12-19 14:57:50.444;25084,75;1;BID;25086,5;25090,0
2025-12-19 14:57:50.444;25084,75;1;BID;25086,5;25090,0
2025-12-19 14:57:50.444;25084,5;1;BID;25086,5;25090,0
2025-12-19 14:57:50.476;25092,5;1;ASK;25086,5;25090,0
2025-12-19 14:57:50.484;25090,5;1;ASK;25086,5;25090,0
2025-12-19 14:58:09.416;25090,0;1;BID;25089,5;25092,0
2025-12-19 14:59:14.148;25091,75;1;ASK;25090,25;25092,5
2025-12-19 14:59:55.064;25090,0;1;ASK;25088,25;25090,5
2025-12-19 15:00:07.024;25093,0;1;ASK;25090,0;25093,25
2025-12-19 15:00:11.332;25088,5;1;ASK;25087,5;25088,25
2025-12-19 15:00:14.476;25087,5;1;BID;25087,0;25089,5
2025-12-19 15:00:41.796;25068,75;1;BID;25068,75;25072,25
2025-12-19 15:01:04.308;25076,0;1;BID;25075,75;25078,25
2025-12-19 15:01:54.208;25082,75;1;ASK;25079,5;25083,5
2025-12-19 15:02:33.700;25078,25;1;BID;25078,25;25082,25
2025-12-19 15:03:14.584;25066,0;1;ASK;25063,5;25066,5
2025-12-19 15:03:14.584;25066,5;1;ASK;25063,5;25066,5
2025-12-19 15:04:03.468;25074,25;1;BID;25074,5;25077,25
2025-12-19 15:04:03.468;25074,0;1;BID;25074,5;25077,25
2025-12-19 15:04:31.348;25081,5;1;BID;25080,5;25082,75
2025-12-19 15:04:42.064;25085,0;1;BID;25084,75;25086,0
2025-12-19 15:04:42.064;25085,0;1;BID;25084,75;25086,0
2025-12-19 15:04:48.136;25084,0;1;BID;25084,5;25086,75
2025-12-19 15:04:55.200;25090,0;1;ASK;25088,75;25091,25
2025-12-19 15:04:55.200;25090,0;1;ASK;25088,75;25091,25
2025-12-19 15:05:05.096;25091,5;1;ASK;25088,0;25090,25
2025-12-19 15:05:14.120;25088,75;1;ASK;25087,5;25090,0
2025-12-19 15:05:23.428;25091,25;1;BID;25090,5;25092,75
2025-12-19 15:05:23.432;25091,25;1;BID;25090,5;25092,75
2025-12-19 15:05:23.432;25091,25;3;BID;25090,5;25092,75
2025-12-19 15:06:00.704;25089,25;1;ASK;25087,5;25089,25
2025-12-19 15:06:00.704;25089,25;1;ASK;25087,5;25089,25
2025-12-19 15:06:00.704;25089,25;1;ASK;25087,5;25089,25
2025-12-19 15:06:02.608;25089,0;1;ASK;25087,75;25089,25
2025-12-19 15:06:03.128;25089,25;1;ASK;25086,0;25089,25
2025-12-19 15:06:03.128;25089,25;1;ASK;25086,0;25089,25
2025-12-19 15:06:07.892;25088,25;1;ASK;25085,75;25088,5
2025-12-19 15:06:22.872;25085,5;1;BID;25084,5;25087,25
2025-12-19 15:06:22.900;25088,0;1;ASK;25084,5;25087,25
2025-12-19 15:07:09.496;25086,75;1;ASK;25083,75;25086,75
2025-12-19 15:07:47.764;25089,75;1;BID;25088,5;25091,25
2025-12-19 15:08:26.976;25093,5;1;ASK;25090,75;25094,0
2025-12-19 15:08:26.980;25093,5;1;ASK;25090,75;25094,0
2025-12-19 15:08:26.980;25093,5;1;ASK;25090,75;25094,0
2025-12-19 15:08:26.980;25093,5;2;ASK;25090,75;25094,0
2025-12-19 15:09:00.500;25091,75;1;ASK;25087,5;25092,25
2025-12-19 15:09:38.384;25092,5;1;ASK;25088,5;25094,75
2025-12-19 15:10:05.584;25094,75;1;ASK;25088,75;25092,5
2025-12-19 15:10:07.288;25092,5;1;ASK;25090,25;25094,75
2025-12-19 15:10:23.608;25092,5;1;ASK;25088,5;25093,25
2025-12-19 15:10:48.696;25093,25;2;BID;25092,5;25095,0
2025-12-19 15:10:57.444;25094,75;2;ASK;25092,5;25095,0
2025-12-19 15:11:03.784;25094,75;2;ASK;25092,75;25095,0
2025-12-19 15:11:03.784;25095,0;1;ASK;25092,75;25095,0
2025-12-19 15:11:03.784;25095,0;2;ASK;25092,75;25095,0
2025-12-19 15:11:04.904;25095,0;1;ASK;25093,25;25095,25
2025-12-19 15:11:06.608;25095,25;1;BID;25096,5;25098,5
2025-12-19 15:11:12.836;25098,5;1;BID;25096,75;25102,75
2025-12-19 15:11:12.840;25098,5;1;BID;25096,75;25102,75
2025-12-19 15:11:12.840;25100,25;1;ASK;25096,75;25102,75
2025-12-19 15:11:12.840;25100,25;1;ASK;25096,75;25102,75
2025-12-19 15:11:12.880;25098,25;1;BID;25096,75;25102,75
2025-12-19 15:11:12.880;25098,25;1;BID;25096,75;25102,75
2025-12-19 15:11:12.900;25100,5;1;ASK;25096,75;25102,75
2025-12-19 15:11:12.920;25099,75;1;ASK;25096,75;25102,75
2025-12-19 15:11:12.944;25102,25;1;ASK;25096,75;25102,75
2025-12-19 15:11:12.944;25102,25;1;ASK;25096,75;25102,75
2025-12-19 15:11:17.464;25096,5;1;ASK;25092,75;25098,25
2025-12-19 15:11:17.464;25098,0;1;ASK;25092,75;25098,25
2025-12-19 15:11:17.464;25098,5;1;ASK;25092,75;25098,25
2025-12-19 15:11:17.464;25099,25;1;ASK;25092,75;25098,25
2025-12-19 15:11:17.464;25099,5;1;ASK;25092,75;25098,25
2025-12-19 15:11:27.836;25096,5;1;ASK;25092,75;25097,25
2025-12-19 15:11:39.460;25096,25;1;ASK;25092,75;25097,0
2025-12-19 15:11:52.300;25097,25;1;ASK;25093,25;25098,25
2025-12-19 15:12:01.836;25099,5;1;ASK;25096,5;25099,0
2025-12-19 15:12:13.604;25095,75;1;ASK;25092,5;25095,75
2025-12-19 15:12:24.552;25095,0;1;ASK;25092,5;25094,75
2025-12-19 15:12:36.868;25093,0;1;ASK;25090,5;25093,25
2025-12-19 15:12:47.176;25093,75;1;ASK;25092,5;25093,75
2025-12-19 15:12:54.868;25093,5;1;ASK;25092,5;25093,75
2025-12-19 15:12:59.924;25094,0;1;ASK;25092,5;25095,25
2025-12-19 15:13:17.152;25099,25;1;ASK;25096,5;25099,5
2025-12-19 15:13:31.336;25099,0;1;ASK;25096,5;25099,5
2025-12-19 15:13:35.980;25099,5;1;ASK;25096,75;25100,0
2025-12-19 15:13:35.980;25099,5;1;ASK;25096,75;25100,0
2025-12-19 15:13:42.972;25098,0;1;ASK;25096,5;25098,25
2025-12-19 15:13:49.100;25096,5;1;BID;25096,5;25099,75
2025-12-19 15:14:00.404;25100,0;1;ASK;25096,75;25102,0
2025-12-19 15:14:10.800;25101,5;1;ASK;25100,5;25102,0
2025-12-19 15:14:27.316;25101,0;1;BID;25100,5;25102,0
2025-12-19 15:14:46.568;25101,75;1;ASK;25100,5;25102,25
2025-12-19 15:14:59.952;25102,0;1;ASK;25101,0;25102,25
2025-12-19 15:15:02.456;25102,25;1;ASK;25101,25;25103,0
2025-12-19 15:15:02.456;25102,25;1;ASK;25101,25;25103,0
2025-12-19 15:15:05.360;25103,0;1;BID;25101,25;25105,25
2025-12-19 15:15:05.360;25103,0;1;BID;25101,25;25105,25
2025-12-19 15:15:05.948;25103,0;1;BID;25101,25;25105,25
2025-12-19 15:15:05.948;25103,0;1;BID;25101,25;25105,25
2025-12-19 15:15:05.948;25103,0;1;BID;25101,25;25105,25
2025-12-19 15:15:09.544;25105,0;1;ASK;25101,0;25105,0
2025-12-19 15:15:34.544;25105,25;2;BID;25104,5;25109,75
2025-12-19 15:15:51.876;25107,5;1;ASK;25104,75;25109,75
2025-12-19 15:16:09.956;25108,25;1;ASK;25105,25;25108,5
2025-12-19 15:16:14.332;25104,5;1;BID;25104,75;25109,0
2025-12-19 15:16:14.332;25103,5;1;BID;25104,75;25109,0
2025-12-19 15:16:14.364;25106,5;1;BID;25104,75;25109,0
2025-12-19 15:16:14.648;25108,5;1;ASK;25104,75;25109,0
2025-12-19 15:16:22.404;25104,25;1;BID;25104,5;25106,5
2025-12-19 15:16:36.972;25107,0;1;ASK;25104,5;25107,75
2025-12-19 15:16:45.068;25109,25;1;ASK;25104,75;25112,25
2025-12-19 15:16:49.152;25112,25;1;ASK;25108,75;25115,0
2025-12-19 15:16:49.156;25112,5;1;ASK;25108,75;25115,0
2025-12-19 15:16:49.156;25114,5;1;ASK;25108,75;25115,0
2025-12-19 15:16:49.156;25115,5;1;ASK;25108,75;25115,0
2025-12-19 15:16:49.156;25115,5;1;ASK;25108,75;25115,0
2025-12-19 15:16:58.308;25114,0;1;ASK;25108,75;25117,0
2025-12-19 15:16:58.796;25111,0;1;BID;25108,75;25117,0
2025-12-19 15:16:58.824;25113,5;1;ASK;25108,75;25117,0
2025-12-19 15:17:07.452;25115,75;1;ASK;25112,5;25116,25
2025-12-19 15:17:08.468;25108,75;1;BID;25108,75;25114,25
2025-12-19 15:17:08.488;25115,5;1;ASK;25108,75;25114,25
2025-12-19 15:17:09.180;25113,75;1;ASK;25108,75;25117,75
2025-12-19 15:17:19.260;25108,75;1;BID;25108,75;25115,5
2025-12-19 15:17:19.536;25114,75;1;ASK;25108,75;25115,5
2025-12-19 15:17:34.300;25112,5;2;BID;25110,75;25116,0
2025-12-19 15:17:44.980;25115,5;1;ASK;25113,0;25116,0
2025-12-19 15:18:02.932;25116,0;1;ASK;25113,25;25118,5
2025-12-19 15:18:02.932;25116,0;1;ASK;25113,25;25118,5
2025-12-19 15:18:11.748;25119,0;1;ASK;25116,5;25121,0
2025-12-19 15:18:20.472;25120,75;1;ASK;25117,25;25122,75
2025-12-19 15:18:30.968;25121,25;1;ASK;25117,25;25123,5
2025-12-19 15:18:36.848;25120,0;1;ASK;25116,75;25120,0
2025-12-19 15:18:41.692;25118,0;1;ASK;25114,75;25118,0
2025-12-19 15:18:55.004;25125,0;1;ASK;25121,25;25127,0
2025-12-19 15:19:07.996;25125,0;1;ASK;25121,75;25127,0
2025-12-19 15:19:17.756;25127,0;1;ASK;25124,5;25128,25
2025-12-19 15:19:31.180;25128,0;1;ASK;25125,75;25129,25
2025-12-19 15:19:44.048;25129,25;1;ASK;25128,5;25130,0
2025-12-19 15:19:54.932;25130,0;1;BID;25128,5;25132,5
2025-12-19 15:20:11.556;25126,0;1;ASK;25124,5;25125,25
2025-12-19 15:20:19.128;25124,5;1;ASK;25121,5;25126,25
2025-12-19 15:20:25.996;25130,75;1;ASK;25128,75;25132,25
2025-12-19 15:20:39.432;25127,5;1;ASK;25125,75;25129,25
2025-12-19 15:20:39.888;25128,75;1;ASK;25125,75;25129,25
2025-12-19 15:20:51.292;25128,75;1;ASK;25128,25;25129,25
2025-12-19 15:20:52.288;25129,0;1;BID;25128,75;25130,75
2025-12-19 15:21:04.360;25130,75;1;BID;25132,75;25135,25
2025-12-19 15:21:07.204;25132,75;1;BID;25132,75;25134,5
2025-12-19 15:21:07.420;25133,25;1;BID;25132,75;25134,5
2025-12-19 15:21:09.048;25133,5;1;BID;25133,5;25134,5
2025-12-19 15:21:20.928;25138,5;1;BID;25136,75;25141,75
2025-12-19 15:21:20.928;25138,5;1;BID;25136,75;25141,75
2025-12-19 15:21:20.928;25138,5;1;BID;25136,75;25141,75
2025-12-19 15:21:20.928;25138,5;1;BID;25136,75;25141,75
2025-12-19 15:21:20.928;25138,5;1;BID;25136,75;25141,75
2025-12-19 15:21:26.944;25138,75;1;BID;25137,25;25141,0
2025-12-19 15:21:38.608;25138,0;1;ASK;25136,5;25137,75
2025-12-19 15:21:38.608;25137,0;1;BID;25136,5;25137,75
2025-12-19 15:21:38.608;25137,0;1;BID;25136,5;25137,75
2025-12-19 15:21:38.608;25136,5;1;BID;25136,5;25137,75
2025-12-19 15:21:38.608;25136,75;1;BID;25136,5;25137,75
2025-12-19 15:21:38.608;25136,75;1;BID;25136,5;25137,75
2025-12-19 15:21:38.612;25136,75;1;BID;25136,5;25137,75
2025-12-19 15:22:10.892;25140,0;1;BID;25139,25;25142,0
2025-12-19 15:22:15.796;25139,0;1;ASK;25136,75;25140,75
2025-12-19 15:22:27.344;25137,25;1;BID;25136,5;25139,0
2025-12-19 15:22:28.216;25136,5;1;BID;25136,5;25138,75
2025-12-19 15:22:30.036;25136,75;1;BID;25137,0;25139,75
2025-12-19 15:22:31.568;25136,5;1;BID;25136,5;25139,0
2025-12-19 15:22:35.944;25139,0;1;BID;25139,0;25141,75
2025-12-19 15:22:35.944;25139,0;1;BID;25139,0;25141,75
2025-12-19 15:22:39.004;25141,75;1;BID;25140,75;25144,25
2025-12-19 15:22:41.020;25140,75;1;BID;25140,75;25144,0
2025-12-19 15:22:41.104;25140,75;1;BID;25140,75;25144,0
2025-12-19 15:22:47.228;25141,25;1;ASK;25140,5;25141,5
2025-12-19 15:22:50.428;25140,5;1;ASK;25138,0;25143,0
2025-12-19 15:23:16.848;25143,25;1;ASK;25140,5;25143,75
2025-12-19 15:23:20.144;25140,5;1;BID;25138,0;25143,75
2025-12-19 15:23:20.144;25137,75;1;BID;25138,0;25143,75
2025-12-19 15:23:20.792;25137,75;1;BID;25138,0;25143,75
2025-12-19 15:23:46.972;25138,75;1;ASK;25134,5;25139,25
2025-12-19 15:24:04.788;25140,25;1;ASK;25137,75;25140,0
2025-12-19 15:24:12.628;25139,5;1;ASK;25135,25;25141,25
2025-12-19 15:24:35.856;25140,0;1;BID;25137,75;25143,25
2025-12-19 15:24:35.856;25140,0;1;BID;25137,75;25143,25
2025-12-19 15:24:51.332;25137,5;1;ASK;25132,5;25137,25
2025-12-19 15:24:57.384;25136,5;1;ASK;25135,0;25135,5
2025-12-19 15:25:00.044;25135,0;1;ASK;25120,5;25126,0
2025-12-19 15:25:00.048;25135,0;1;ASK;25120,5;25126,0
2025-12-19 15:25:00.048;25135,0;1;ASK;25120,5;25126,0
2025-12-19 15:25:00.048;25135,0;1;ASK;25120,5;25126,0
2025-12-19 15:25:00.056;25135,0;1;ASK;25120,5;25126,0
2025-12-19 15:25:00.064;25135,0;1;ASK;25120,5;25126,0
2025-12-19 15:25:00.064;25135,0;1;ASK;25120,5;25126,0
2025-12-19 15:25:00.064;25135,0;1;ASK;25120,5;25126,0
2025-12-19 15:25:00.064;25135,0;1;ASK;25120,5;25126,0
2025-12-19 15:25:00.068;25135,0;1;ASK;25120,5;25126,0
2025-12-19 15:25:00.068;25135,0;1;ASK;25120,5;25126,0
2025-12-19 15:25:00.068;25135,0;1;ASK;25120,5;25126,0
2025-12-19 15:25:00.068;25135,0;1;ASK;25120,5;25126,0
2025-12-19 15:25:00.384;25128,0;1;ASK;25120,5;25126,0
2025-12-19 15:25:00.536;25128,0;1;ASK;25120,5;25126,0
2025-12-19 15:25:00.536;25128,0;1;ASK;25120,5;25126,0
2025-12-19 15:25:00.536;25128,0;1;ASK;25120,5;25126,0
2025-12-19 15:25:00.628;25125,0;1;ASK;25120,5;25126,0
2025-12-19 15:25:00.632;25125,0;1;ASK;25120,5;25126,0
2025-12-19 15:25:07.244;25121,75;1;BID;25120,25;25127,25
2025-12-19 15:25:09.768;25120,0;2;ASK;25115,75;25119,25
2025-12-19 15:25:09.768;25117,75;1;ASK;25115,75;25119,25
2025-12-19 15:25:09.768;25114,75;1;BID;25115,75;25119,25
2025-12-19 15:25:09.768;25111,5;1;BID;25115,75;25119,25
2025-12-19 15:25:15.652;25113,0;1;ASK;25104,25;25107,5
2025-12-19 15:25:15.652;25112,75;1;ASK;25104,25;25107,5
2025-12-19 15:25:15.652;25107,5;1;ASK;25104,25;25107,5
2025-12-19 15:25:15.652;25105,75;1;BID;25104,25;25107,5
2025-12-19 15:25:15.652;25103,0;4;BID;25104,25;25107,5
2025-12-19 15:25:15.652;25101,5;1;BID;25104,25;25107,5
2025-12-19 15:25:15.652;25101,0;3;BID;25104,25;25107,5
2025-12-19 15:25:15.652;25100,25;1;BID;25104,25;25107,5
2025-12-19 15:25:15.652;25100,25;1;BID;25104,25;25107,5
2025-12-19 15:25:15.652;25100,25;1;BID;25104,25;25107,5
2025-12-19 15:25:15.652;25100,25;1;BID;25104,25;25107,5
2025-12-19 15:25:15.652;25100,25;1;BID;25104,25;25107,5
2025-12-19 15:25:15.652;25100,25;1;BID;25104,25;25107,5
2025-12-19 15:25:15.652;25100,25;1;BID;25104,25;25107,5
2025-12-19 15:25:15.652;25100,25;1;BID;25104,25;25107,5
2025-12-19 15:25:17.780;25102,75;1;BID;25103,0;25106,25
2025-12-19 15:25:18.184;25102,75;1;BID;25101,5;25107,25
2025-12-19 15:25:18.184;25102,5;1;BID;25101,5;25107,25
2025-12-19 15:25:18.184;25099,0;1;BID;25101,5;25107,25
2025-12-19 15:25:24.528;25101,75;1;ASK;25098,5;25103,5
2025-12-19 15:25:30.856;25107,25;1;BID;25105,75;25111,5
2025-12-19 15:25:31.976;25106,0;1;BID;25105,75;25111,0
2025-12-19 15:25:38.812;25105,75;1;ASK;25098,5;25110,25
2025-12-19 15:25:38.812;25105,75;1;ASK;25098,5;25110,25
2025-12-19 15:25:40.024;25103,75;1;BID;25102,75;25107,25
2025-12-19 15:25:40.024;25103,5;1;BID;25102,75;25107,25
2025-12-19 15:25:45.740;25101,5;1;BID;25101,75;25109,25
2025-12-19 15:25:52.720;25108,75;1;BID;25105,25;25116,5
2025-12-19 15:26:26.916;25110,5;1;ASK;25105,25;25113,25
2025-12-19 15:26:30.312;25105,0;1;BID;25104,75;25107,25
2025-12-19 15:26:32.192;25105,0;1;BID;25104,75;25108,5
2025-12-19 15:27:25.568;25101,5;1;ASK;25098,25;25101,75
2025-12-19 15:27:31.896;25098,25;1;ASK;25095,0;25098,75
2025-12-19 15:27:35.756;25095,0;1;ASK;25089,5;25095,5
2025-12-19 15:27:40.068;25095,0;1;BID;25093,75;25101,25
2025-12-19 15:27:40.068;25099,5;1;ASK;25093,75;25101,25
2025-12-19 15:27:49.184;25105,25;1;BID;25105,0;25111,75
2025-12-19 15:28:00.312;25114,75;1;BID;25113,75;25117,25
2025-12-19 15:28:08.672;25120,0;1;BID;25119,75;25122,75
2025-12-19 15:28:14.080;25124,25;1;BID;25125,25;25128,0
2025-12-19 15:28:20.784;25128,75;1;ASK;25126,0;25130,0
2025-12-19 15:28:25.580;25127,25;1;ASK;25124,0;25129,75
2025-12-19 15:28:31.828;25130,0;1;BID;25129,75;25133,0
2025-12-19 15:28:34.660;25130,0;1;BID;25128,75;25132,0
2025-12-19 15:28:38.020;25129,75;1;BID;25129,75;25133,25
2025-12-19 15:28:43.608;25128,75;1;BID;25127,75;25133,75
2025-12-19 15:28:49.808;25126,25;1;BID;25126,5;25127,25
2025-12-19 15:28:57.348;25126,0;1;BID;25125,75;25133,25
2025-12-19 15:28:58.740;25126,25;1;BID;25125,5;25133,25
2025-12-19 15:29:10.932;25125,25;1;BID;25125,0;25129,25
2025-12-19 15:29:21.988;25123,5;1;BID;25123,5;25126,25
2025-12-19 15:29:22.348;25123,5;1;BID;25123,5;25124,5
2025-12-19 15:29:22.348;25123,5;1;BID;25123,5;25124,5
2025-12-19 15:29:28.000;25123,5;1;BID;25123,5;25123,75
2025-12-19 15:29:28.500;25123,5;1;BID;25123,5;25123,75
2025-12-19 15:29:28.500;25123,5;1;BID;25123,5;25123,75
2025-12-19 15:29:29.936;25123,75;1;BID;25123,5;25124,5
2025-12-19 15:29:29.956;25123,5;1;BID;25123,5;25124,5
2025-12-19 15:29:29.956;25123,5;1;BID;25123,5;25124,5
2025-12-19 15:29:29.956;25123,5;1;BID;25123,5;25124,5
2025-12-19 15:29:30.832;25123,5;1;ASK;25119,25;25122,5
2025-12-19 15:29:30.832;25122,25;1;ASK;25119,25;25122,5
2025-12-19 15:29:31.344;25121,25;1;BID;25119,25;25123,75
2025-12-19 15:29:31.344;25121,25;1;BID;25119,25;25123,75
2025-12-19 15:29:31.344;25121,25;1;BID;25119,25;25123,75
2025-12-19 15:29:31.344;25121,25;1;BID;25119,25;25123,75
2025-12-19 15:29:31.344;25121,25;1;BID;25119,25;25123,75
2025-12-19 15:29:35.320;25122,25;1;BID;25124,25;25126,25
2025-12-19 15:29:37.908;25126,25;1;BID;25126,5;25128,0
2025-12-19 15:29:38.260;25128,0;1;BID;25130,5;25134,75
2025-12-19 15:29:43.632;25132,0;1;BID;25131,75;25132,75
2025-12-19 15:29:44.188;25132,75;1;BID;25132,75;25136,0
2025-12-19 15:29:46.764;25136,0;1;BID;25136,25;25139,75
2025-12-19 15:29:52.432;25140,0;1;BID;25138,5;25142,5
2025-12-19 15:29:56.620;25133,75;1;BID;25134,5;25142,5
2025-12-19 15:29:56.620;25133,75;1;BID;25134,5;25142,5
2025-12-19 15:30:00.020;25135,75;1;BID;25131,25;25143,25
